ST_NUM,ST_NAME,CITY,ZIP_CODE,TOTAL_VALUE,Year,long,lat
15,ST GERMAIN ST,BOSTON,2115,"1,694,800.00",1/1/24,-71.0863842,42.3457113
17,ST GERMAIN ST,BOSTON,2115,"1,257,214.00",1/1/24,-71.0862913,42.3456955
19,ST GERMAIN ST,BOSTON,2115,"1,257,214.00",1/1/24,-71.0860128,42.3456479
21,ST GERMAIN ST,BOSTON,2115,"1,257,214.00",1/1/24,-71.0861408,42.3456682
23,ST GERMAIN ST,BOSTON,2115,"1,257,214.00",1/1/24,-71.0860662,42.3456575
25,ST GERMAIN ST,BOSTON,2115,"1,257,214.00",1/1/24,-71.0859931,42.3456474
27,ST GERMAIN ST,BOSTON,2115,"1,512,200.00",1/1/24,-71.0859199,42.3456321
29,ST GERMAIN ST,BOSTON,2115,"1,413,794.00",1/1/24,-71.0858271,42.3456534
31,ST GERMAIN ST,BOSTON,2115,"1,413,794.00",1/1/24,-71.085769,42.3456156
33,ST GERMAIN ST,BOSTON,2115,"1,413,794.00",1/1/24,-71.0856878,42.3455925
35,ST GERMAIN ST,BOSTON,2115,"1,413,794.00",1/1/24,-71.0855949,42.3455767
37,ST GERMAIN ST,BOSTON,2115,"1,414,938.00",1/1/24,-71.0855021,42.345598
39,ST GERMAIN ST,BOSTON,2115,"1,413,794.00",1/1/24,-71.0854441,42.3455602
41,ST GERMAIN ST,BOSTON,2115,"1,413,794.00",1/1/24,-71.0853628,42.3455371
43,ST GERMAIN ST,BOSTON,2115,"1,257,214.00",1/1/24,-71.08527,42.3455584
45,ST GERMAIN ST,BOSTON,2115,"1,257,214.00",1/1/24,-71.0852119,42.3455392
47,ST GERMAIN ST,BOSTON,2115,"1,257,214.00",1/1/24,-71.0850843,42.3455267
49,ST GERMAIN ST,BOSTON,2115,"1,734,800.00",1/1/24,-71.0850109,42.3455061
51,ST GERMAIN ST,BOSTON,2115,"1,257,214.00",1/1/24,-71.0849914,42.3455108
53,ST GERMAIN ST,BOSTON,2115,"1,257,214.00",1/1/24,-71.0849102,42.3454877
55,ST GERMAIN ST,BOSTON,2115,"1,257,214.00",1/1/24,-71.0848405,42.3454758
57,ST GERMAIN ST,BOSTON,2115,"1,257,214.00",1/1/24,-71.0847593,42.3454712
59,ST GERMAIN ST,BOSTON,2115,"1,257,214.00",1/1/24,-71.0846262,42.3454683
61,ST GERMAIN ST,BOSTON,2115,"1,257,214.00",1/1/24,-71.0845916,42.3455108
63,ST GERMAIN ST,BOSTON,2115,"1,257,214.00",1/1/24,-71.0845388,42.3454429
65,ST GERMAIN ST,BOSTON,2115,"1,257,214.00",1/1/24,-71.0844807,42.3454237
67,ST GERMAIN ST,BOSTON,2115,"4,082,517.00",1/1/24,-71.0842718,42.3453695
60,ST GERMAIN ST,BOSTON,2115,"1,690,381.00",1/1/24,-71.0847361,42.3457457
58,ST GERMAIN ST,BOSTON,2115,"1,685,808.00",1/1/24,-71.0847379,42.3457395
56,ST GERMAIN ST,BOSTON,2115,"1,362,362.00",1/1/24,-71.0848521,42.3457098
54,ST GERMAIN ST,BOSTON,2115,"1,374,934.00",1/1/24,-71.0849102,42.3457476
52,ST GERMAIN ST,BOSTON,2115,"1,401,000.00",1/1/24,-71.0849914,42.3457336
50,ST GERMAIN ST,BOSTON,2115,"1,533,000.00",1/1/24,-71.0850495,42.3457714
48,ST GERMAIN ST,BOSTON,2115,"1,371,506.00",1/1/24,-71.0851307,42.3457945
46,ST GERMAIN ST,BOSTON,2115,"1,679,000.00",1/1/24,-71.0852119,42.3457991
44,ST GERMAIN ST,BOSTON,2115,"1,371,506.00",1/1/24,-71.08527,42.3458183
42,ST GERMAIN ST,BOSTON,2115,"1,371,506.00",1/1/24,-71.0853512,42.3458228
40,ST GERMAIN ST,BOSTON,2115,"1,371,506.00",1/1/24,-71.0854092,42.345842
38,ST GERMAIN ST,BOSTON,2115,"1,371,506.00",1/1/24,-71.0855021,42.3458207
36,ST GERMAIN ST,BOSTON,2115,"1,371,506.00",1/1/24,-71.0855833,42.3458439
34,ST GERMAIN ST,BOSTON,2115,"1,371,506.00",1/1/24,-71.0856414,42.3458445
32,ST GERMAIN ST,BOSTON,2115,"1,371,506.00",1/1/24,-71.0856994,42.3458822
30,ST GERMAIN ST,BOSTON,2115,"1,371,506.00",1/1/24,-71.0857806,42.3459054
28,ST GERMAIN ST,BOSTON,2115,"1,371,506.00",1/1/24,-71.0858619,42.34591
26,ST GERMAIN ST,BOSTON,2115,"1,371,506.00",1/1/24,-71.0859199,42.3459291
24,ST GERMAIN ST,BOSTON,2115,"1,371,506.00",1/1/24,-71.0860128,42.3459078
22,ST GERMAIN ST,BOSTON,2115,"1,371,506.00",1/1/24,-71.0860719,42.3459352
20,ST GERMAIN ST,BOSTON,2115,"1,371,506.00",1/1/24,-71.086152,42.3459316
18,ST GERMAIN ST,BOSTON,2115,"1,371,506.00",1/1/24,-71.0862101,42.3459693
16,ST GERMAIN ST,BOSTON,2115,"1,371,506.00",1/1/24,-71.0862913,42.3459554
14,ST GERMAIN ST,BOSTON,2115,"1,371,506.00",1/1/24,-71.0863726,42.3459785
12,ST GERMAIN ST,BOSTON,2115,"1,371,506.00",1/1/24,-71.0864306,42.3459791
10,ST GERMAIN ST,BOSTON,2115,"1,371,506.00",1/1/24,-71.0865118,42.3460023
8,ST GERMAIN ST,BOSTON,2115,"1,314,360.00",1/1/24,-71.0865815,42.3460141
161,St Botolph ST,BOSTON,2115,"3,635,800.00",1/1/24,-71.0828646,42.3434138
169,St Botolph ST,BOSTON,2115,"2,699,100.00",1/1/24,-71.0829458,42.3433813
171,St Botolph ST,BOSTON,2115,"1,856,600.00",1/1/24,-71.0829923,42.3433149
173,St Botolph ST,BOSTON,2115,"2,161,800.00",1/1/24,-71.0830735,42.3432823
175,St Botolph ST,BOSTON,2115,"848,800.00",1/1/24,-71.0831264,42.3432823
177,St Botolph ST,BOSTON,2115,"2,788,900.00",1/1/24,-71.0831315,42.3432644
179,St Botolph ST,BOSTON,2115,"2,402,500.00",1/1/24,-71.0832244,42.3431688
181,St Botolph ST,BOSTON,2115,"564,000.00",1/1/24,-71.0832244,42.3430947
183,St Botolph ST,BOSTON,2115,"2,139,400.00",1/1/24,-71.0832326,42.3430546
185,St Botolph ST,BOSTON,2115,"2,936,300.00",1/1/24,-71.0833966,42.3431416
187,St Botolph ST,BOSTON,2115,"2,672,000.00",1/1/24,-71.0833637,42.3429698
189,St Botolph ST,BOSTON,2115,"2,883,300.00",1/1/24,-71.0834565,42.3429486
191,St Botolph ST,BOSTON,2115,"952,100.00",1/1/24,-71.0835029,42.3428822
193,St Botolph ST,BOSTON,2115,"918,100.00",1/1/24,-71.0835732,42.3428601
195,St Botolph ST,BOSTON,2115,"896,500.00",1/1/24,-71.0835474,42.3427803
199,St Botolph ST,BOSTON,2115,"4,990,200.00",1/1/24,-71.083772,42.342762
15,ST GERMAIN ST,BOSTON,2115,"791,100.00",1/1/10,-71.0863842,42.3457113
17,ST GERMAIN ST,BOSTON,2115,"688,414.00",1/1/10,-71.0862913,42.3456955
19,ST GERMAIN ST,BOSTON,2115,"688,414.00",1/1/10,-71.0860128,42.3456479
21,ST GERMAIN ST,BOSTON,2115,"688,414.00",1/1/10,-71.0861408,42.3456682
23,ST GERMAIN ST,BOSTON,2115,"688,414.00",1/1/10,-71.0860662,42.3456575
25,ST GERMAIN ST,BOSTON,2115,"688,414.00",1/1/10,-71.0859931,42.3456474
27,ST GERMAIN ST,BOSTON,2115,"772,500.00",1/1/10,-71.0859199,42.3456321
29,ST GERMAIN ST,BOSTON,2115,"773,540.00",1/1/10,-71.0858271,42.3456534
31,ST GERMAIN ST,BOSTON,2115,"773,540.00",1/1/10,-71.085769,42.3456156
33,ST GERMAIN ST,BOSTON,2115,"773,540.00",1/1/10,-71.0856878,42.3455925
35,ST GERMAIN ST,BOSTON,2115,"773,540.00",1/1/10,-71.0855949,42.3455767
37,ST GERMAIN ST,BOSTON,2115,"773,540.00",1/1/10,-71.0855021,42.345598
39,ST GERMAIN ST,BOSTON,2115,"773,540.00",1/1/10,-71.0854441,42.3455602
41,ST GERMAIN ST,BOSTON,2115,"773,540.00",1/1/10,-71.0853628,42.3455371
43,ST GERMAIN ST,BOSTON,2115,"688,414.00",1/1/10,-71.08527,42.3455584
45,ST GERMAIN ST,BOSTON,2115,"688,414.00",1/1/10,-71.0852119,42.3455392
47,ST GERMAIN ST,BOSTON,2115,"688,414.00",1/1/10,-71.0850843,42.3455267
49,ST GERMAIN ST,BOSTON,2115,"632,900.00",1/1/10,-71.0850109,42.3455061
51,ST GERMAIN ST,BOSTON,2115,"688,414.00",1/1/10,-71.0849914,42.3455108
53,ST GERMAIN ST,BOSTON,2115,"688,414.00",1/1/10,-71.0849102,42.3454877
55,ST GERMAIN ST,BOSTON,2115,"688,414.00",1/1/10,-71.0848405,42.3454758
57,ST GERMAIN ST,BOSTON,2115,"688,414.00",1/1/10,-71.0847593,42.3454712
59,ST GERMAIN ST,BOSTON,2115,"688,414.00",1/1/10,-71.0846262,42.3454683
61,ST GERMAIN ST,BOSTON,2115,"688,414.00",1/1/10,-71.0845916,42.3455108
63,ST GERMAIN ST,BOSTON,2115,"688,414.00",1/1/10,-71.0845388,42.3454429
65,ST GERMAIN ST,BOSTON,2115,"688,414.00",1/1/10,-71.0844807,42.3454237
67,ST GERMAIN ST,BOSTON,2115,"2,235,493.00",1/1/10,-71.0842718,42.3453695
60,ST GERMAIN ST,BOSTON,2115,"925,288.00",1/1/10,-71.0847361,42.3457457
58,ST GERMAIN ST,BOSTON,2115,"921,587.00",1/1/10,-71.0847379,42.3457395
56,ST GERMAIN ST,BOSTON,2115,"747,633.00",1/1/10,-71.0848521,42.3457098
54,ST GERMAIN ST,BOSTON,2115,"751,333.00",1/1/10,-71.0849102,42.3457476
52,ST GERMAIN ST,BOSTON,2115,"801,500.00",1/1/10,-71.0849914,42.3457336
50,ST GERMAIN ST,BOSTON,2115,"651,500.00",1/1/10,-71.0850495,42.3457714
48,ST GERMAIN ST,BOSTON,2115,"751,333.00",1/1/10,-71.0851307,42.3457945
46,ST GERMAIN ST,BOSTON,2115,"720,900.00",1/1/10,-71.0852119,42.3457991
44,ST GERMAIN ST,BOSTON,2115,"751,333.00",1/1/10,-71.08527,42.3458183
42,ST GERMAIN ST,BOSTON,2115,"751,333.00",1/1/10,-71.0853512,42.3458228
40,ST GERMAIN ST,BOSTON,2115,"751,333.00",1/1/10,-71.0854092,42.345842
38,ST GERMAIN ST,BOSTON,2115,"751,333.00",1/1/10,-71.0855021,42.3458207
36,ST GERMAIN ST,BOSTON,2115,"751,333.00",1/1/10,-71.0855833,42.3458439
34,ST GERMAIN ST,BOSTON,2115,"751,333.00",1/1/10,-71.0856414,42.3458445
32,ST GERMAIN ST,BOSTON,2115,"751,333.00",1/1/10,-71.0856994,42.3458822
30,ST GERMAIN ST,BOSTON,2115,"751,333.00",1/1/10,-71.0857806,42.3459054
28,ST GERMAIN ST,BOSTON,2115,"751,333.00",1/1/10,-71.0858619,42.34591
26,ST GERMAIN ST,BOSTON,2115,"751,333.00",1/1/10,-71.0859199,42.3459291
24,ST GERMAIN ST,BOSTON,2115,"751,333.00",1/1/10,-71.0860128,42.3459078
22,ST GERMAIN ST,BOSTON,2115,"751,333.00",1/1/10,-71.0860719,42.3459352
20,ST GERMAIN ST,BOSTON,2115,"751,333.00",1/1/10,-71.086152,42.3459316
18,ST GERMAIN ST,BOSTON,2115,"751,333.00",1/1/10,-71.0862101,42.3459693
16,ST GERMAIN ST,BOSTON,2115,"751,333.00",1/1/10,-71.0862913,42.3459554
14,ST GERMAIN ST,BOSTON,2115,"751,333.00",1/1/10,-71.0863726,42.3459785
12,ST GERMAIN ST,BOSTON,2115,"751,333.00",1/1/10,-71.0864306,42.3459791
10,ST GERMAIN ST,BOSTON,2115,"751,333.00",1/1/10,-71.0865118,42.3460023
8,ST GERMAIN ST,BOSTON,2115,"718,023.00",1/1/10,-71.0865815,42.3460141
161,ST BOTOLPH ST,BOSTON,2115,"1,507,000.00",1/1/10,-71.0828646,42.3434138
169,ST BOTOLPH ST,BOSTON,2115,"1,257,000.00",1/1/10,-71.0829458,42.3433813
171,ST BOTOLPH ST,BOSTON,2115,"839,000.00",1/1/10,-71.0829923,42.3433149
173,ST BOTOLPH ST,BOSTON,2115,"948,500.00",1/1/10,-71.0830735,42.3432823
175,ST BOTOLPH ST,BOSTON,2115,0,1/1/10,-71.0831264,42.3432823
175,ST BOTOLPH ST,BOSTON,2115,"545,900.00",1/1/10,-71.0831264,42.3432823
175,ST BOTOLPH ST,BOSTON,2115,"546,200.00",1/1/10,-71.0831264,42.3432823
175,ST BOTOLPH ST,BOSTON,2115,"614,100.00",1/1/10,-71.0831264,42.3432823
175,ST BOTOLPH ST,BOSTON,2115,"714,500.00",1/1/10,-71.0831264,42.3432823
177,ST BOTOLPH ST,BOSTON,2115,"1,257,000.00",1/1/10,-71.0831315,42.3432644
179,ST BOTOLPH ST,BOSTON,2115,"1,068,000.00",1/1/10,-71.0832244,42.3431688
181,ST BOTOLPH ST,BOSTON,2115,0,1/1/10,-71.0832244,42.3430947
181,ST BOTOLPH ST,BOSTON,2115,"491,800.00",1/1/10,-71.0832244,42.3430947
183,ST BOTOLPH ST,BOSTON,2115,"1,139,000.00",1/1/10,-71.0832326,42.3430546
185,ST BOTOLPH ST,BOSTON,2115,"1,371,500.00",1/1/10,-71.0833966,42.3431416
187,ST BOTOLPH ST,BOSTON,2115,"1,233,500.00",1/1/10,-71.0833637,42.3429698
189,ST BOTOLPH ST,BOSTON,2115,"1,745,500.00",1/1/10,-71.0834565,42.3429486
191,ST BOTOLPH ST,BOSTON,2115,0,1/1/10,-71.0835029,42.3428822
191,ST BOTOLPH ST,BOSTON,2115,"601,400.00",1/1/10,-71.0835029,42.3428822
193,ST BOTOLPH ST,BOSTON,2115,0,1/1/10,-71.0835732,42.3428601
193,ST BOTOLPH ST,BOSTON,2115,"695,600.00",1/1/10,-71.0835732,42.3428601
195,ST BOTOLPH ST,BOSTON,2115,0,1/1/10,-71.0835474,42.3427803
195,ST BOTOLPH ST,BOSTON,2115,"588,700.00",1/1/10,-71.0835474,42.3427803
197,ST BOTOLPH ST,BOSTON,2115,0,1/1/10,-71.083677,42.3427726
197,ST BOTOLPH ST,BOSTON,2115,"692,100.00",1/1/10,-71.083677,42.3427726
199,ST BOTOLPH ST,BOSTON,2115,"2,249,885.00",1/1/10,-71.083772,42.342762
161,ST BOTOLPH ST,BOSTON,2115,"1,630,600.00",1/1/12,-71.0828646,42.3434138
169,ST BOTOLPH ST,BOSTON,2115,"1,257,000.00",1/1/12,-71.0829458,42.3433813
171,ST BOTOLPH ST,BOSTON,2115,"931,500.00",1/1/12,-71.0829923,42.3433149
173,ST BOTOLPH ST,BOSTON,2115,"948,500.00",1/1/12,-71.0830735,42.3432823
175,ST BOTOLPH ST,BOSTON,2115,0,1/1/12,-71.0831264,42.3432823
177,ST BOTOLPH ST,BOSTON,2115,"1,257,000.00",1/1/12,-71.0831315,42.3432644
179,ST BOTOLPH ST,BOSTON,2115,"1,068,000.00",1/1/12,-71.0832244,42.3431688
181,ST BOTOLPH ST,BOSTON,2115,0,1/1/12,-71.0832244,42.3430947
183,ST BOTOLPH ST,BOSTON,2115,"1,139,000.00",1/1/12,-71.0832326,42.3430546
185,ST BOTOLPH ST,BOSTON,2115,"1,371,500.00",1/1/12,-71.0833966,42.3431416
187,ST BOTOLPH ST,BOSTON,2115,"1,233,500.00",1/1/12,-71.0833637,42.3429698
189,ST BOTOLPH ST,BOSTON,2115,"1,841,500.00",1/1/12,-71.0834565,42.3429486
191,ST BOTOLPH ST,BOSTON,2115,0,1/1/12,-71.0835029,42.3428822
193,ST BOTOLPH ST,BOSTON,2115,0,1/1/12,-71.0835732,42.3428601
195,ST BOTOLPH ST,BOSTON,2115,0,1/1/12,-71.0835474,42.3427803
197,ST BOTOLPH ST,BOSTON,2115,0,1/1/12,-71.083677,42.3427726
199,ST BOTOLPH ST,BOSTON,2115,"2,434,375.00",1/1/12,-71.083772,42.342762
15,ST GERMAIN ST,BOSTON,2115,"783,100.00",1/1/12,-71.0863842,42.3457113
17,ST GERMAIN ST,BOSTON,2115,"687,363.00",1/1/12,-71.0862913,42.3456955
19,ST GERMAIN ST,BOSTON,2115,"687,363.00",1/1/12,-71.0860128,42.3456479
21,ST GERMAIN ST,BOSTON,2115,"687,363.00",1/1/12,-71.0861408,42.3456682
23,ST GERMAIN ST,BOSTON,2115,"687,363.00",1/1/12,-71.0860662,42.3456575
25,ST GERMAIN ST,BOSTON,2115,"687,363.00",1/1/12,-71.0859931,42.3456474
27,ST GERMAIN ST,BOSTON,2115,"841,000.00",1/1/12,-71.0859199,42.3456321
29,ST GERMAIN ST,BOSTON,2115,"772,359.00",1/1/12,-71.0858271,42.3456534
31,ST GERMAIN ST,BOSTON,2115,"772,359.00",1/1/12,-71.085769,42.3456156
33,ST GERMAIN ST,BOSTON,2115,"772,359.00",1/1/12,-71.0856878,42.3455925
35,ST GERMAIN ST,BOSTON,2115,"772,359.00",1/1/12,-71.0855949,42.3455767
37,ST GERMAIN ST,BOSTON,2115,"772,359.00",1/1/12,-71.0855021,42.345598
39,ST GERMAIN ST,BOSTON,2115,"772,359.00",1/1/12,-71.0854441,42.3455602
41,ST GERMAIN ST,BOSTON,2115,"772,359.00",1/1/12,-71.0853628,42.3455371
43,ST GERMAIN ST,BOSTON,2115,"687,363.00",1/1/12,-71.08527,42.3455584
45,ST GERMAIN ST,BOSTON,2115,"687,363.00",1/1/12,-71.0852119,42.3455392
47,ST GERMAIN ST,BOSTON,2115,"687,363.00",1/1/12,-71.0850843,42.3455267
49,ST GERMAIN ST,BOSTON,2115,"626,600.00",1/1/12,-71.0850109,42.3455061
51,ST GERMAIN ST,BOSTON,2115,"687,363.00",1/1/12,-71.0849914,42.3455108
53,ST GERMAIN ST,BOSTON,2115,"687,363.00",1/1/12,-71.0849102,42.3454877
55,ST GERMAIN ST,BOSTON,2115,"687,363.00",1/1/12,-71.0848405,42.3454758
57,ST GERMAIN ST,BOSTON,2115,"687,363.00",1/1/12,-71.0847593,42.3454712
59,ST GERMAIN ST,BOSTON,2115,"687,363.00",1/1/12,-71.0846262,42.3454683
61,ST GERMAIN ST,BOSTON,2115,"687,363.00",1/1/12,-71.0845916,42.3455108
63,ST GERMAIN ST,BOSTON,2115,"687,363.00",1/1/12,-71.0845388,42.3454429
65,ST GERMAIN ST,BOSTON,2115,"687,363.00",1/1/12,-71.0844807,42.3454237
67,ST GERMAIN ST,BOSTON,2115,"2,232,081.00",1/1/12,-71.0842718,42.3453695
60,ST GERMAIN ST,BOSTON,2115,"923,875.00",1/1/12,-71.0847361,42.3457457
58,ST GERMAIN ST,BOSTON,2115,"920,180.00",1/1/12,-71.0847379,42.3457395
56,ST GERMAIN ST,BOSTON,2115,"746,491.00",1/1/12,-71.0848521,42.3457098
54,ST GERMAIN ST,BOSTON,2115,"750,186.00",1/1/12,-71.0849102,42.3457476
52,ST GERMAIN ST,BOSTON,2115,"792,500.00",1/1/12,-71.0849914,42.3457336
50,ST GERMAIN ST,BOSTON,2115,"645,000.00",1/1/12,-71.0850495,42.3457714
48,ST GERMAIN ST,BOSTON,2115,"750,186.00",1/1/12,-71.0851307,42.3457945
46,ST GERMAIN ST,BOSTON,2115,"713,600.00",1/1/12,-71.0852119,42.3457991
44,ST GERMAIN ST,BOSTON,2115,"750,186.00",1/1/12,-71.08527,42.3458183
42,ST GERMAIN ST,BOSTON,2115,"750,186.00",1/1/12,-71.0853512,42.3458228
40,ST GERMAIN ST,BOSTON,2115,"750,186.00",1/1/12,-71.0854092,42.345842
38,ST GERMAIN ST,BOSTON,2115,"750,186.00",1/1/12,-71.0855021,42.3458207
36,ST GERMAIN ST,BOSTON,2115,"750,186.00",1/1/12,-71.0855833,42.3458439
34,ST GERMAIN ST,BOSTON,2115,"750,186.00",1/1/12,-71.0856414,42.3458445
32,ST GERMAIN ST,BOSTON,2115,"750,186.00",1/1/12,-71.0856994,42.3458822
30,ST GERMAIN ST,BOSTON,2115,"750,186.00",1/1/12,-71.0857806,42.3459054
28,ST GERMAIN ST,BOSTON,2115,"750,186.00",1/1/12,-71.0858619,42.34591
26,ST GERMAIN ST,BOSTON,2115,"750,186.00",1/1/12,-71.0859199,42.3459291
24,ST GERMAIN ST,BOSTON,2115,"750,186.00",1/1/12,-71.0860128,42.3459078
22,ST GERMAIN ST,BOSTON,2115,"750,186.00",1/1/12,-71.0860719,42.3459352
20,ST GERMAIN ST,BOSTON,2115,"750,186.00",1/1/12,-71.086152,42.3459316
18,ST GERMAIN ST,BOSTON,2115,"750,186.00",1/1/12,-71.0862101,42.3459693
16,ST GERMAIN ST,BOSTON,2115,"750,186.00",1/1/12,-71.0862913,42.3459554
14,ST GERMAIN ST,BOSTON,2115,"750,186.00",1/1/12,-71.0863726,42.3459785
12,ST GERMAIN ST,BOSTON,2115,"750,186.00",1/1/12,-71.0864306,42.3459791
10,ST GERMAIN ST,BOSTON,2115,"750,186.00",1/1/12,-71.0865118,42.3460023
161,ST BOTOLPH ST,BOSTON,2115,"1,880,700.00",1/1/13,-71.0828646,42.3434138
169,ST BOTOLPH ST,BOSTON,2115,"1,421,500.00",1/1/13,-71.0829458,42.3433813
171,ST BOTOLPH ST,BOSTON,2115,"996,500.00",1/1/13,-71.0829923,42.3433149
173,ST BOTOLPH ST,BOSTON,2115,"1,070,500.00",1/1/13,-71.0830735,42.3432823
175,ST BOTOLPH ST,BOSTON,2115,0,1/1/13,-71.0831264,42.3432823
175,ST BOTOLPH ST,BOSTON,2115,"603,100.00",1/1/13,-71.0831264,42.3432823
177,ST BOTOLPH ST,BOSTON,2115,"1,421,500.00",1/1/13,-71.0831315,42.3432644
179,ST BOTOLPH ST,BOSTON,2115,"1,188,500.00",1/1/13,-71.0832244,42.3431688
181,ST BOTOLPH ST,BOSTON,2115,0,1/1/13,-71.0832244,42.3430947
181,ST BOTOLPH ST,BOSTON,2115,"517,000.00",1/1/13,-71.0832244,42.3430947
183,ST BOTOLPH ST,BOSTON,2115,"1,594,500.00",1/1/13,-71.0832326,42.3430546
185,ST BOTOLPH ST,BOSTON,2115,"1,551,000.00",1/1/13,-71.0833966,42.3431416
187,ST BOTOLPH ST,BOSTON,2115,"1,396,500.00",1/1/13,-71.0833637,42.3429698
189,ST BOTOLPH ST,BOSTON,2115,"1,921,000.00",1/1/13,-71.0834565,42.3429486
191,ST BOTOLPH ST,BOSTON,2115,0,1/1/13,-71.0835029,42.3428822
191,ST BOTOLPH ST,BOSTON,2115,"682,700.00",1/1/13,-71.0835029,42.3428822
193,ST BOTOLPH ST,BOSTON,2115,0,1/1/13,-71.0835732,42.3428601
193,ST BOTOLPH ST,BOSTON,2115,"725,200.00",1/1/13,-71.0835732,42.3428601
195,ST BOTOLPH ST,BOSTON,2115,0,1/1/13,-71.0835474,42.3427803
195,ST BOTOLPH ST,BOSTON,2115,"411,100.00",1/1/13,-71.0835474,42.3427803
195,ST BOTOLPH ST,BOSTON,2115,"661,900.00",1/1/13,-71.0835474,42.3427803
197,ST BOTOLPH ST,BOSTON,2115,0,1/1/13,-71.083677,42.3427726
197,ST BOTOLPH ST,BOSTON,2115,"713,500.00",1/1/13,-71.083677,42.3427726
199,ST BOTOLPH ST,BOSTON,2115,"2,635,100.00",1/1/13,-71.083772,42.342762
15,ST GERMAIN ST,BOSTON,2115,"870,300.00",1/1/13,-71.0863842,42.3457113
17,ST GERMAIN ST,BOSTON,2115,"779,963.00",1/1/13,-71.0862913,42.3456955
19,ST GERMAIN ST,BOSTON,2115,"779,963.00",1/1/13,-71.0860128,42.3456479
21,ST GERMAIN ST,BOSTON,2115,"779,963.00",1/1/13,-71.0861408,42.3456682
23,ST GERMAIN ST,BOSTON,2115,"779,963.00",1/1/13,-71.0860662,42.3456575
25,ST GERMAIN ST,BOSTON,2115,"779,963.00",1/1/13,-71.0859931,42.3456474
27,ST GERMAIN ST,BOSTON,2115,"967,700.00",1/1/13,-71.0859199,42.3456321
29,ST GERMAIN ST,BOSTON,2115,"876,410.00",1/1/13,-71.0858271,42.3456534
31,ST GERMAIN ST,BOSTON,2115,"876,410.00",1/1/13,-71.085769,42.3456156
33,ST GERMAIN ST,BOSTON,2115,"876,410.00",1/1/13,-71.0856878,42.3455925
35,ST GERMAIN ST,BOSTON,2115,"876,410.00",1/1/13,-71.0855949,42.3455767
37,ST GERMAIN ST,BOSTON,2115,"876,410.00",1/1/13,-71.0855021,42.345598
39,ST GERMAIN ST,BOSTON,2115,"876,410.00",1/1/13,-71.0854441,42.3455602
41,ST GERMAIN ST,BOSTON,2115,"876,410.00",1/1/13,-71.0853628,42.3455371
43,ST GERMAIN ST,BOSTON,2115,"779,963.00",1/1/13,-71.08527,42.3455584
45,ST GERMAIN ST,BOSTON,2115,"779,963.00",1/1/13,-71.0852119,42.3455392
47,ST GERMAIN ST,BOSTON,2115,"779,963.00",1/1/13,-71.0850843,42.3455267
49,ST GERMAIN ST,BOSTON,2115,"689,300.00",1/1/13,-71.0850109,42.3455061
51,ST GERMAIN ST,BOSTON,2115,"779,963.00",1/1/13,-71.0849914,42.3455108
53,ST GERMAIN ST,BOSTON,2115,"779,963.00",1/1/13,-71.0849102,42.3454877
55,ST GERMAIN ST,BOSTON,2115,"779,963.00",1/1/13,-71.0848405,42.3454758
57,ST GERMAIN ST,BOSTON,2115,"779,963.00",1/1/13,-71.0847593,42.3454712
59,ST GERMAIN ST,BOSTON,2115,"779,963.00",1/1/13,-71.0846262,42.3454683
61,ST GERMAIN ST,BOSTON,2115,"779,963.00",1/1/13,-71.0845916,42.3455108
63,ST GERMAIN ST,BOSTON,2115,"779,963.00",1/1/13,-71.0845388,42.3454429
65,ST GERMAIN ST,BOSTON,2115,"779,963.00",1/1/13,-71.0844807,42.3454237
67,ST GERMAIN ST,BOSTON,2115,"2,532,783.00",1/1/13,-71.0842718,42.3453695
60,ST GERMAIN ST,BOSTON,2115,"1,048,338.00",1/1/13,-71.0847361,42.3457457
58,ST GERMAIN ST,BOSTON,2115,"1,044,144.00",1/1/13,-71.0847379,42.3457395
56,ST GERMAIN ST,BOSTON,2115,"847,057.00",1/1/13,-71.0848521,42.3457098
54,ST GERMAIN ST,BOSTON,2115,"851,250.00",1/1/13,-71.0849102,42.3457476
52,ST GERMAIN ST,BOSTON,2115,"869,500.00",1/1/13,-71.0849914,42.3457336
50,ST GERMAIN ST,BOSTON,2115,"700,600.00",1/1/13,-71.0850495,42.3457714
48,ST GERMAIN ST,BOSTON,2115,"851,250.00",1/1/13,-71.0851307,42.3457945
46,ST GERMAIN ST,BOSTON,2115,"810,500.00",1/1/13,-71.0852119,42.3457991
44,ST GERMAIN ST,BOSTON,2115,"851,250.00",1/1/13,-71.08527,42.3458183
42,ST GERMAIN ST,BOSTON,2115,"851,250.00",1/1/13,-71.0853512,42.3458228
40,ST GERMAIN ST,BOSTON,2115,"851,250.00",1/1/13,-71.0854092,42.345842
38,ST GERMAIN ST,BOSTON,2115,"851,250.00",1/1/13,-71.0855021,42.3458207
36,ST GERMAIN ST,BOSTON,2115,"851,250.00",1/1/13,-71.0855833,42.3458439
34,ST GERMAIN ST,BOSTON,2115,"851,250.00",1/1/13,-71.0856414,42.3458445
32,ST GERMAIN ST,BOSTON,2115,"851,250.00",1/1/13,-71.0856994,42.3458822
30,ST GERMAIN ST,BOSTON,2115,"851,250.00",1/1/13,-71.0857806,42.3459054
28,ST GERMAIN ST,BOSTON,2115,"851,250.00",1/1/13,-71.0858619,42.34591
26,ST GERMAIN ST,BOSTON,2115,"851,250.00",1/1/13,-71.0859199,42.3459291
24,ST GERMAIN ST,BOSTON,2115,"851,250.00",1/1/13,-71.0860128,42.3459078
22,ST GERMAIN ST,BOSTON,2115,"851,250.00",1/1/13,-71.0860719,42.3459352
20,ST GERMAIN ST,BOSTON,2115,"851,250.00",1/1/13,-71.086152,42.3459316
18,ST GERMAIN ST,BOSTON,2115,"851,250.00",1/1/13,-71.0862101,42.3459693
16,ST GERMAIN ST,BOSTON,2115,"851,250.00",1/1/13,-71.0862913,42.3459554
14,ST GERMAIN ST,BOSTON,2115,"851,250.00",1/1/13,-71.0863726,42.3459785
12,ST GERMAIN ST,BOSTON,2115,"851,250.00",1/1/13,-71.0864306,42.3459791
10,ST GERMAIN ST,BOSTON,2115,"851,250.00",1/1/13,-71.0865118,42.3460023
8,ST GERMAIN ST,BOSTON,2115,"813,510.00",1/1/13,-71.0865815,42.3460141
199,ST BOTOLPH ST,BOSTON,02115_,"2,845,900.00",1/1/14,-71.083772,42.342762
197,ST BOTOLPH ST,BOSTON,02115_,"756,300.00",1/1/14,-71.083677,42.3427726
197,ST BOTOLPH ST,BOSTON,02115_,0,1/1/14,-71.083677,42.3427726
195,ST BOTOLPH ST,BOSTON,02115_,"701,600.00",1/1/14,-71.0835474,42.3427803
195,ST BOTOLPH ST,BOSTON,02115_,0,1/1/14,-71.0835474,42.3427803
193,ST BOTOLPH ST,BOSTON,02115_,"768,800.00",1/1/14,-71.0835732,42.3428601
193,ST BOTOLPH ST,BOSTON,02115_,0,1/1/14,-71.0835732,42.3428601
191,ST BOTOLPH ST,BOSTON,02115_,"723,700.00",1/1/14,-71.0835029,42.3428822
191,ST BOTOLPH ST,BOSTON,02115_,0,1/1/14,-71.0835029,42.3428822
189,ST BOTOLPH ST,BOSTON,02115_,"2,039,000.00",1/1/14,-71.0834565,42.3429486
187,ST BOTOLPH ST,BOSTON,02115_,"1,655,000.00",1/1/14,-71.0833637,42.3429698
185,ST BOTOLPH ST,BOSTON,02115_,"1,837,000.00",1/1/14,-71.0833966,42.3431416
183,ST BOTOLPH ST,BOSTON,02115_,"1,369,000.00",1/1/14,-71.0832326,42.3430546
181,ST BOTOLPH ST,BOSTON,02115_,"548,000.00",1/1/14,-71.0832244,42.3430947
181,ST BOTOLPH ST,BOSTON,02115_,0,1/1/14,-71.0832244,42.3430947
179,ST BOTOLPH ST,BOSTON,02115_,"1,415,000.00",1/1/14,-71.0832244,42.3431688
177,ST BOTOLPH ST,BOSTON,02115_,"1,747,000.00",1/1/14,-71.0831315,42.3432644
175,ST BOTOLPH ST,BOSTON,02115_,"639,300.00",1/1/14,-71.0831264,42.3432823
175,ST BOTOLPH ST,BOSTON,02115_,"617,000.00",1/1/14,-71.0831264,42.3432823
294,ST BOTOLPH ST,BOSTON,02115_,"316,500.00",1/1/14,-71.0870918,42.3401868
175,ST BOTOLPH ST,BOSTON,02115_,"546,300.00",1/1/14,-71.0831264,42.3432823
175,ST BOTOLPH ST,BOSTON,02115_,"523,400.00",1/1/14,-71.0831264,42.3432823
175,ST BOTOLPH ST,BOSTON,02115_,0,1/1/14,-71.0831264,42.3432823
173,ST BOTOLPH ST,BOSTON,02115_,"1,314,000.00",1/1/14,-71.0830735,42.3432823
171,ST BOTOLPH ST,BOSTON,02115_,"1,146,000.00",1/1/14,-71.0829923,42.3433149
169,ST BOTOLPH ST,BOSTON,02115_,"1,689,000.00",1/1/14,-71.0829458,42.3433813
161,ST BOTOLPH ST,BOSTON,02115_,"2,074,800.00",1/1/14,-71.0828646,42.3434138
8,ST GERMAIN ST,BOSTON,02115_,"930,745.00",1/1/14,-71.0865815,42.3460141
10,ST GERMAIN ST,BOSTON,02115_,"973,923.00",1/1/14,-71.0865118,42.3460023
12,ST GERMAIN ST,BOSTON,02115_,"973,923.00",1/1/14,-71.0864306,42.3459791
14,ST GERMAIN ST,BOSTON,02115_,"973,923.00",1/1/14,-71.0863726,42.3459785
16,ST GERMAIN ST,BOSTON,02115_,"973,923.00",1/1/14,-71.0862913,42.3459554
18,ST GERMAIN ST,BOSTON,02115_,"973,923.00",1/1/14,-71.0862101,42.3459693
20,ST GERMAIN ST,BOSTON,02115_,"973,923.00",1/1/14,-71.086152,42.3459316
22,ST GERMAIN ST,BOSTON,02115_,"973,923.00",1/1/14,-71.0860719,42.3459352
24,ST GERMAIN ST,BOSTON,02115_,"973,923.00",1/1/14,-71.0860128,42.3459078
26,ST GERMAIN ST,BOSTON,02115_,"973,923.00",1/1/14,-71.0859199,42.3459291
28,ST GERMAIN ST,BOSTON,02115_,"973,923.00",1/1/14,-71.0858619,42.34591
30,ST GERMAIN ST,BOSTON,02115_,"973,923.00",1/1/14,-71.0857806,42.3459054
32,ST GERMAIN ST,BOSTON,02115_,"973,923.00",1/1/14,-71.0856994,42.3458822
34,ST GERMAIN ST,BOSTON,02115_,"973,923.00",1/1/14,-71.0856414,42.3458445
36,ST GERMAIN ST,BOSTON,02115_,"973,923.00",1/1/14,-71.0855833,42.3458439
38,ST GERMAIN ST,BOSTON,02115_,"973,923.00",1/1/14,-71.0855021,42.3458207
40,ST GERMAIN ST,BOSTON,02115_,"973,923.00",1/1/14,-71.0854092,42.345842
49,ST GERMAIN ST,BOSTON,02115_,"716,900.00",1/1/14,-71.0850109,42.3455061
42,ST GERMAIN ST,BOSTON,02115_,"973,923.00",1/1/14,-71.0853512,42.3458228
44,ST GERMAIN ST,BOSTON,02115_,"973,923.00",1/1/14,-71.08527,42.3458183
46,ST GERMAIN ST,BOSTON,02115_,"842,900.00",1/1/14,-71.0852119,42.3457991
48,ST GERMAIN ST,BOSTON,02115_,"973,923.00",1/1/14,-71.0851307,42.3457945
50,ST GERMAIN ST,BOSTON,02115_,"728,600.00",1/1/14,-71.0850495,42.3457714
52,ST GERMAIN ST,BOSTON,02115_,"973,000.00",1/1/14,-71.0849914,42.3457336
54,ST GERMAIN ST,BOSTON,02115_,"973,923.00",1/1/14,-71.0849102,42.3457476
56,ST GERMAIN ST,BOSTON,02115_,"969,125.00",1/1/14,-71.0848521,42.3457098
58,ST GERMAIN ST,BOSTON,02115_,"1,194,615.00",1/1/14,-71.0847379,42.3457395
60,ST GERMAIN ST,BOSTON,02115_,"1,199,413.00",1/1/14,-71.0847361,42.3457457
67,ST GERMAIN ST,BOSTON,02115_,"2,897,780.00",1/1/14,-71.0842718,42.3453695
65,ST GERMAIN ST,BOSTON,02115_,"892,363.00",1/1/14,-71.0844807,42.3454237
63,ST GERMAIN ST,BOSTON,02115_,"892,363.00",1/1/14,-71.0845388,42.3454429
61,ST GERMAIN ST,BOSTON,02115_,"892,363.00",1/1/14,-71.0845916,42.3455108
59,ST GERMAIN ST,BOSTON,02115_,"892,363.00",1/1/14,-71.0846262,42.3454683
57,ST GERMAIN ST,BOSTON,02115_,"892,363.00",1/1/14,-71.0847593,42.3454712
55,ST GERMAIN ST,BOSTON,02115_,"892,363.00",1/1/14,-71.0848405,42.3454758
53,ST GERMAIN ST,BOSTON,02115_,"892,363.00",1/1/14,-71.0849102,42.3454877
51,ST GERMAIN ST,BOSTON,02115_,"892,363.00",1/1/14,-71.0849914,42.3455108
47,ST GERMAIN ST,BOSTON,02115_,"892,363.00",1/1/14,-71.0850843,42.3455267
45,ST GERMAIN ST,BOSTON,02115_,"892,363.00",1/1/14,-71.0852119,42.3455392
43,ST GERMAIN ST,BOSTON,02115_,"892,363.00",1/1/14,-71.08527,42.3455584
41,ST GERMAIN ST,BOSTON,02115_,"1,002,709.00",1/1/14,-71.0853628,42.3455371
39,ST GERMAIN ST,BOSTON,02115_,"1,002,709.00",1/1/14,-71.0854441,42.3455602
37,ST GERMAIN ST,BOSTON,02115_,"1,002,709.00",1/1/14,-71.0855021,42.345598
35,ST GERMAIN ST,BOSTON,02115_,"1,002,709.00",1/1/14,-71.0855949,42.3455767
33,ST GERMAIN ST,BOSTON,02115_,"1,002,709.00",1/1/14,-71.0856878,42.3455925
31,ST GERMAIN ST,BOSTON,02115_,"1,002,709.00",1/1/14,-71.085769,42.3456156
29,ST GERMAIN ST,BOSTON,02115_,"1,002,709.00",1/1/14,-71.0858271,42.3456534
27,ST GERMAIN ST,BOSTON,02115_,"995,500.00",1/1/14,-71.0859199,42.3456321
25,ST GERMAIN ST,BOSTON,02115_,"892,363.00",1/1/14,-71.0859931,42.3456474
23,ST GERMAIN ST,BOSTON,02115_,"892,363.00",1/1/14,-71.0860662,42.3456575
21,ST GERMAIN ST,BOSTON,02115_,"892,363.00",1/1/14,-71.0861408,42.3456682
19,ST GERMAIN ST,BOSTON,02115_,"892,363.00",1/1/14,-71.0860128,42.3456479
17,ST GERMAIN ST,BOSTON,02115_,"892,363.00",1/1/14,-71.0862913,42.3456955
15,ST GERMAIN ST,BOSTON,02115_,"905,100.00",1/1/14,-71.0863842,42.3457113
161,ST BOTOLPH ST,BOSTON,2115,"2,993,400.00",1/1/20,-71.0828646,42.3434138
169,ST BOTOLPH ST,BOSTON,2115,"2,660,600.00",1/1/20,-71.0829458,42.3433813
171,ST BOTOLPH ST,BOSTON,2115,"1,836,400.00",1/1/20,-71.0829923,42.3433149
173,ST BOTOLPH ST,BOSTON,2115,"2,113,300.00",1/1/20,-71.0830735,42.3432823
175,ST BOTOLPH ST,BOSTON,2115,"745,700.00",1/1/20,-71.0831264,42.3432823
175,ST BOTOLPH ST,BOSTON,2115,"772,900.00",1/1/20,-71.0831264,42.3432823
175,ST BOTOLPH ST,BOSTON,2115,"860,600.00",1/1/20,-71.0831264,42.3432823
175,ST BOTOLPH ST,BOSTON,2115,"944,600.00",1/1/20,-71.0831264,42.3432823
177,ST BOTOLPH ST,BOSTON,2115,"2,749,000.00",1/1/20,-71.0831315,42.3432644
179,ST BOTOLPH ST,BOSTON,2115,"2,283,300.00",1/1/20,-71.0832244,42.3431688
181,ST BOTOLPH ST,BOSTON,2115,"758,000.00",1/1/20,-71.0832244,42.3430947
183,ST BOTOLPH ST,BOSTON,2115,"2,095,200.00",1/1/20,-71.0832326,42.3430546
185,ST BOTOLPH ST,BOSTON,2115,"2,894,400.00",1/1/20,-71.0833966,42.3431416
187,ST BOTOLPH ST,BOSTON,2115,"2,563,600.00",1/1/20,-71.0833637,42.3429698
189,ST BOTOLPH ST,BOSTON,2115,"2,841,900.00",1/1/20,-71.0834565,42.3429486
191,ST BOTOLPH ST,BOSTON,2115,"999,000.00",1/1/20,-71.0835029,42.3428822
193,ST BOTOLPH ST,BOSTON,2115,"938,200.00",1/1/20,-71.0835732,42.3428601
193,ST BOTOLPH ST,BOSTON,2115,"1,254,000.00",1/1/20,-71.0835732,42.3428601
195,ST BOTOLPH ST,BOSTON,2115,"666,800.00",1/1/20,-71.0835474,42.3427803
195,ST BOTOLPH ST,BOSTON,2115,"956,400.00",1/1/20,-71.0835474,42.3427803
197,ST BOTOLPH ST,BOSTON,2115,"1,084,800.00",1/1/20,-71.083677,42.3427726
199,ST BOTOLPH ST,BOSTON,2115,"4,147,000.00",1/1/20,-71.083772,42.342762
15,ST GERMAIN ST,BOSTON,2115,"1,504,100.00",1/1/20,-71.0863842,42.3457113
17,ST GERMAIN ST,BOSTON,2115,"1,377,948.00",1/1/20,-71.0862913,42.3456955
19,ST GERMAIN ST,BOSTON,2115,"1,377,948.00",1/1/20,-71.0860128,42.3456479
21,ST GERMAIN ST,BOSTON,2115,"1,377,948.00",1/1/20,-71.0861408,42.3456682
23,ST GERMAIN ST,BOSTON,2115,"1,377,948.00",1/1/20,-71.0860662,42.3456575
25,ST GERMAIN ST,BOSTON,2115,"1,377,948.00",1/1/20,-71.0859931,42.3456474
27,ST GERMAIN ST,BOSTON,2115,"1,376,600.00",1/1/20,-71.0859199,42.3456321
29,ST GERMAIN ST,BOSTON,2115,"1,549,566.00",1/1/20,-71.0858271,42.3456534
31,ST GERMAIN ST,BOSTON,2115,"1,549,566.00",1/1/20,-71.085769,42.3456156
33,ST GERMAIN ST,BOSTON,2115,"1,549,566.00",1/1/20,-71.0856878,42.3455925
35,ST GERMAIN ST,BOSTON,2115,"1,549,566.00",1/1/20,-71.0855949,42.3455767
37,ST GERMAIN ST,BOSTON,2115,"1,550,819.00",1/1/20,-71.0855021,42.345598
39,ST GERMAIN ST,BOSTON,2115,"1,549,566.00",1/1/20,-71.0854441,42.3455602
41,ST GERMAIN ST,BOSTON,2115,"1,549,566.00",1/1/20,-71.0853628,42.3455371
43,ST GERMAIN ST,BOSTON,2115,"1,377,948.00",1/1/20,-71.08527,42.3455584
45,ST GERMAIN ST,BOSTON,2115,"1,377,948.00",1/1/20,-71.0852119,42.3455392
47,ST GERMAIN ST,BOSTON,2115,"1,377,948.00",1/1/20,-71.0850843,42.3455267
49,ST GERMAIN ST,BOSTON,2115,"1,511,300.00",1/1/20,-71.0850109,42.3455061
51,ST GERMAIN ST,BOSTON,2115,"1,377,948.00",1/1/20,-71.0849914,42.3455108
53,ST GERMAIN ST,BOSTON,2115,"1,377,948.00",1/1/20,-71.0849102,42.3454877
55,ST GERMAIN ST,BOSTON,2115,"1,377,948.00",1/1/20,-71.0848405,42.3454758
57,ST GERMAIN ST,BOSTON,2115,"1,377,948.00",1/1/20,-71.0847593,42.3454712
59,ST GERMAIN ST,BOSTON,2115,"1,377,948.00",1/1/20,-71.0846262,42.3454683
61,ST GERMAIN ST,BOSTON,2115,"1,377,948.00",1/1/20,-71.0845916,42.3455108
63,ST GERMAIN ST,BOSTON,2115,"1,377,948.00",1/1/20,-71.0845388,42.3454429
65,ST GERMAIN ST,BOSTON,2115,"1,377,948.00",1/1/20,-71.0844807,42.3454237
67,ST GERMAIN ST,BOSTON,2115,"4,474,578.00",1/1/20,-71.0842718,42.3453695
,ST GERMAIN ST,BOSTON,2115,"506,900.00",1/1/20,-71.0931667,42.3592647
60,ST GERMAIN ST,BOSTON,2115,"1,852,716.00",1/1/20,-71.0847361,42.3457457
58,ST GERMAIN ST,BOSTON,2115,"1,847,705.00",1/1/20,-71.0847379,42.3457395
56,ST GERMAIN ST,BOSTON,2115,"1,493,196.00",1/1/20,-71.0848521,42.3457098
54,ST GERMAIN ST,BOSTON,2115,"1,506,975.00",1/1/20,-71.0849102,42.3457476
52,ST GERMAIN ST,BOSTON,2115,"1,276,100.00",1/1/20,-71.0849914,42.3457336
50,ST GERMAIN ST,BOSTON,2115,"1,312,200.00",1/1/20,-71.0850495,42.3457714
48,ST GERMAIN ST,BOSTON,2115,"1,503,217.00",1/1/20,-71.0851307,42.3457945
46,ST GERMAIN ST,BOSTON,2115,"1,447,200.00",1/1/20,-71.0852119,42.3457991
44,ST GERMAIN ST,BOSTON,2115,"1,503,217.00",1/1/20,-71.08527,42.3458183
42,ST GERMAIN ST,BOSTON,2115,"1,503,217.00",1/1/20,-71.0853512,42.3458228
40,ST GERMAIN ST,BOSTON,2115,"1,503,217.00",1/1/20,-71.0854092,42.345842
38,ST GERMAIN ST,BOSTON,2115,"1,503,217.00",1/1/20,-71.0855021,42.3458207
36,ST GERMAIN ST,BOSTON,2115,"1,503,217.00",1/1/20,-71.0855833,42.3458439
34,ST GERMAIN ST,BOSTON,2115,"1,503,217.00",1/1/20,-71.0856414,42.3458445
32,ST GERMAIN ST,BOSTON,2115,"1,503,217.00",1/1/20,-71.0856994,42.3458822
30,ST GERMAIN ST,BOSTON,2115,"1,503,217.00",1/1/20,-71.0857806,42.3459054
28,ST GERMAIN ST,BOSTON,2115,"1,503,217.00",1/1/20,-71.0858619,42.34591
26,ST GERMAIN ST,BOSTON,2115,"1,503,217.00",1/1/20,-71.0859199,42.3459291
24,ST GERMAIN ST,BOSTON,2115,"1,503,217.00",1/1/20,-71.0860128,42.3459078
22,ST GERMAIN ST,BOSTON,2115,"1,503,217.00",1/1/20,-71.0860719,42.3459352
20,ST GERMAIN ST,BOSTON,2115,"1,503,217.00",1/1/20,-71.086152,42.3459316
18,ST GERMAIN ST,BOSTON,2115,"1,503,217.00",1/1/20,-71.0862101,42.3459693
16,ST GERMAIN ST,BOSTON,2115,"1,503,217.00",1/1/20,-71.0862913,42.3459554
14,ST GERMAIN ST,BOSTON,2115,"1,503,217.00",1/1/20,-71.0863726,42.3459785
12,ST GERMAIN ST,BOSTON,2115,"1,503,217.00",1/1/20,-71.0864306,42.3459791
10,ST GERMAIN ST,BOSTON,2115,"1,503,217.00",1/1/20,-71.0865118,42.3460023
8,ST GERMAIN ST,BOSTON,2115,"1,440,583.00",1/1/20,-71.0865815,42.3460141
161,ST BOTOLPH ST,BOSTON,2115,"3,076,500.00",1/1/21,-71.0828646,42.3434138
169,ST BOTOLPH ST,BOSTON,2115,"2,699,100.00",1/1/21,-71.0829458,42.3433813
171,ST BOTOLPH ST,BOSTON,2115,"1,856,600.00",1/1/21,-71.0829923,42.3433149
173,ST BOTOLPH ST,BOSTON,2115,"2,144,000.00",1/1/21,-71.0830735,42.3432823
175,ST BOTOLPH ST,BOSTON,2115,"957,200.00",1/1/21,-71.0831264,42.3432823
177,ST BOTOLPH ST,BOSTON,2115,"2,788,900.00",1/1/21,-71.0831315,42.3432644
179,ST BOTOLPH ST,BOSTON,2115,"2,350,300.00",1/1/21,-71.0832244,42.3431688
181,ST BOTOLPH ST,BOSTON,2115,"804,900.00",1/1/21,-71.0832244,42.3430947
183,ST BOTOLPH ST,BOSTON,2115,"2,130,700.00",1/1/21,-71.0832326,42.3430546
185,ST BOTOLPH ST,BOSTON,2115,"2,936,300.00",1/1/21,-71.0833966,42.3431416
187,ST BOTOLPH ST,BOSTON,2115,"2,600,800.00",1/1/21,-71.0833637,42.3429698
189,ST BOTOLPH ST,BOSTON,2115,"2,878,300.00",1/1/21,-71.0834565,42.3429486
191,ST BOTOLPH ST,BOSTON,2115,"1,056,000.00",1/1/21,-71.0835029,42.3428822
193,ST BOTOLPH ST,BOSTON,2115,"1,317,900.00",1/1/21,-71.0835732,42.3428601
195,ST BOTOLPH ST,BOSTON,2115,"1,008,000.00",1/1/21,-71.0835474,42.3427803
197,ST BOTOLPH ST,BOSTON,2115,"1,123,500.00",1/1/21,-71.083677,42.3427726
199,ST BOTOLPH ST,BOSTON,2115,"4,275,900.00",1/1/21,-71.083772,42.342762
15,ST GERMAIN ST,BOSTON,2115,"1,566,300.00",1/1/21,-71.0863842,42.3457113
17,ST GERMAIN ST,BOSTON,2115,"1,253,846.00",1/1/21,-71.0862913,42.3456955
19,ST GERMAIN ST,BOSTON,2115,"1,253,846.00",1/1/21,-71.0860128,42.3456479
21,ST GERMAIN ST,BOSTON,2115,"1,253,846.00",1/1/21,-71.0861408,42.3456682
23,ST GERMAIN ST,BOSTON,2115,"1,253,846.00",1/1/21,-71.0860662,42.3456575
25,ST GERMAIN ST,BOSTON,2115,"1,253,846.00",1/1/21,-71.0859931,42.3456474
27,ST GERMAIN ST,BOSTON,2115,"1,450,300.00",1/1/21,-71.0859199,42.3456321
29,ST GERMAIN ST,BOSTON,2115,"1,410,007.00",1/1/21,-71.0858271,42.3456534
31,ST GERMAIN ST,BOSTON,2115,"1,410,007.00",1/1/21,-71.085769,42.3456156
33,ST GERMAIN ST,BOSTON,2115,"1,410,007.00",1/1/21,-71.0856878,42.3455925
35,ST GERMAIN ST,BOSTON,2115,"1,410,007.00",1/1/21,-71.0855949,42.3455767
37,ST GERMAIN ST,BOSTON,2115,"1,411,148.00",1/1/21,-71.0855021,42.345598
39,ST GERMAIN ST,BOSTON,2115,"1,410,007.00",1/1/21,-71.0854441,42.3455602
41,ST GERMAIN ST,BOSTON,2115,"1,410,007.00",1/1/21,-71.0853628,42.3455371
43,ST GERMAIN ST,BOSTON,2115,"1,253,846.00",1/1/21,-71.08527,42.3455584
45,ST GERMAIN ST,BOSTON,2115,"1,253,846.00",1/1/21,-71.0852119,42.3455392
47,ST GERMAIN ST,BOSTON,2115,"1,253,846.00",1/1/21,-71.0850843,42.3455267
49,ST GERMAIN ST,BOSTON,2115,"1,603,300.00",1/1/21,-71.0850109,42.3455061
51,ST GERMAIN ST,BOSTON,2115,"1,253,846.00",1/1/21,-71.0849914,42.3455108
53,ST GERMAIN ST,BOSTON,2115,"1,253,846.00",1/1/21,-71.0849102,42.3454877
55,ST GERMAIN ST,BOSTON,2115,"1,253,846.00",1/1/21,-71.0848405,42.3454758
57,ST GERMAIN ST,BOSTON,2115,"1,253,846.00",1/1/21,-71.0847593,42.3454712
59,ST GERMAIN ST,BOSTON,2115,"1,253,846.00",1/1/21,-71.0846262,42.3454683
61,ST GERMAIN ST,BOSTON,2115,"1,253,846.00",1/1/21,-71.0845916,42.3455108
63,ST GERMAIN ST,BOSTON,2115,"1,253,846.00",1/1/21,-71.0845388,42.3454429
65,ST GERMAIN ST,BOSTON,2115,"1,253,846.00",1/1/21,-71.0844807,42.3454237
67,ST GERMAIN ST,BOSTON,2115,"4,071,582.00",1/1/21,-71.0842718,42.3453695
,DALTON ST,BOSTON,2115,,1/1/21,-71.0931667,42.3592647
60,ST GERMAIN ST,BOSTON,2115,"1,685,854.00",1/1/21,-71.0847361,42.3457457
58,ST GERMAIN ST,BOSTON,2115,"1,681,294.00",1/1/21,-71.0847379,42.3457395
56,ST GERMAIN ST,BOSTON,2115,"1,358,714.00",1/1/21,-71.0848521,42.3457098
54,ST GERMAIN ST,BOSTON,2115,"1,371,252.00",1/1/21,-71.0849102,42.3457476
52,ST GERMAIN ST,BOSTON,2115,"1,344,500.00",1/1/21,-71.0849914,42.3457336
50,ST GERMAIN ST,BOSTON,2115,"1,416,800.00",1/1/21,-71.0850495,42.3457714
48,ST GERMAIN ST,BOSTON,2115,"1,367,832.00",1/1/21,-71.0851307,42.3457945
46,ST GERMAIN ST,BOSTON,2115,"1,551,800.00",1/1/21,-71.0852119,42.3457991
44,ST GERMAIN ST,BOSTON,2115,"1,367,832.00",1/1/21,-71.08527,42.3458183
42,ST GERMAIN ST,BOSTON,2115,"1,367,832.00",1/1/21,-71.0853512,42.3458228
40,ST GERMAIN ST,BOSTON,2115,"1,367,832.00",1/1/21,-71.0854092,42.345842
38,ST GERMAIN ST,BOSTON,2115,"1,367,832.00",1/1/21,-71.0855021,42.3458207
36,ST GERMAIN ST,BOSTON,2115,"1,367,832.00",1/1/21,-71.0855833,42.3458439
34,ST GERMAIN ST,BOSTON,2115,"1,367,832.00",1/1/21,-71.0856414,42.3458445
32,ST GERMAIN ST,BOSTON,2115,"1,367,832.00",1/1/21,-71.0856994,42.3458822
30,ST GERMAIN ST,BOSTON,2115,"1,367,832.00",1/1/21,-71.0857806,42.3459054
28,ST GERMAIN ST,BOSTON,2115,"1,367,832.00",1/1/21,-71.0858619,42.34591
26,ST GERMAIN ST,BOSTON,2115,"1,367,832.00",1/1/21,-71.0859199,42.3459291
24,ST GERMAIN ST,BOSTON,2115,"1,367,832.00",1/1/21,-71.0860128,42.3459078
22,ST GERMAIN ST,BOSTON,2115,"1,367,832.00",1/1/21,-71.0860719,42.3459352
20,ST GERMAIN ST,BOSTON,2115,"1,367,832.00",1/1/21,-71.086152,42.3459316
18,ST GERMAIN ST,BOSTON,2115,"1,367,832.00",1/1/21,-71.0862101,42.3459693
16,ST GERMAIN ST,BOSTON,2115,"1,367,832.00",1/1/21,-71.0862913,42.3459554
14,ST GERMAIN ST,BOSTON,2115,"1,367,832.00",1/1/21,-71.0863726,42.3459785
12,ST GERMAIN ST,BOSTON,2115,"1,367,832.00",1/1/21,-71.0864306,42.3459791
10,ST GERMAIN ST,BOSTON,2115,"1,367,832.00",1/1/21,-71.0865118,42.3460023
8,ST GERMAIN ST,BOSTON,2115,"1,310,839.00",1/1/21,-71.0865815,42.3460141
161,ST BOTOLPH ST,BOSTON,"2,115.00","3,261,100.00",1/1/22,-71.0828646,42.3434138
169,ST BOTOLPH ST,BOSTON,"2,115.00","2,657,000.00",1/1/22,-71.0829458,42.3433813
171,ST BOTOLPH ST,BOSTON,"2,115.00","1,856,600.00",1/1/22,-71.0829923,42.3433149
173,ST BOTOLPH ST,BOSTON,"2,115.00","2,112,300.00",1/1/22,-71.0830735,42.3432823
175,ST BOTOLPH ST,BOSTON,"2,115.00",0,1/1/22,-71.0831264,42.3432823
175,ST BOTOLPH ST,BOSTON,"2,115.00","1,014,900.00",1/1/22,-71.0831264,42.3432823
177,ST BOTOLPH ST,BOSTON,"2,115.00","2,746,800.00",1/1/22,-71.0831315,42.3432644
179,ST BOTOLPH ST,BOSTON,"2,115.00","2,316,100.00",1/1/22,-71.0832244,42.3431688
181,ST BOTOLPH ST,BOSTON,"2,115.00",0,1/1/22,-71.0832244,42.3430947
181,ST BOTOLPH ST,BOSTON,"2,115.00","804,900.00",1/1/22,-71.0832244,42.3430947
183,ST BOTOLPH ST,BOSTON,"2,115.00","2,101,100.00",1/1/22,-71.0832326,42.3430546
185,ST BOTOLPH ST,BOSTON,"2,115.00","2,890,400.00",1/1/22,-71.0833966,42.3431416
187,ST BOTOLPH ST,BOSTON,"2,115.00","2,561,500.00",1/1/22,-71.0833637,42.3429698
189,ST BOTOLPH ST,BOSTON,"2,115.00","2,838,400.00",1/1/22,-71.0834565,42.3429486
191,ST BOTOLPH ST,BOSTON,"2,115.00",0,1/1/22,-71.0835029,42.3428822
191,ST BOTOLPH ST,BOSTON,"2,115.00","1,056,000.00",1/1/22,-71.0835029,42.3428822
191,ST BOTOLPH ST,BOSTON,"2,115.00","872,700.00",1/1/22,-71.0835029,42.3428822
193,ST BOTOLPH ST,BOSTON,"2,115.00",0,1/1/22,-71.0835732,42.3428601
193,ST BOTOLPH ST,BOSTON,"2,115.00","1,317,900.00",1/1/22,-71.0835732,42.3428601
195,ST BOTOLPH ST,BOSTON,"2,115.00",0,1/1/22,-71.0835474,42.3427803
195,ST BOTOLPH ST,BOSTON,"2,115.00","1,073,100.00",1/1/22,-71.0835474,42.3427803
197,ST BOTOLPH ST,BOSTON,"2,115.00",0,1/1/22,-71.083677,42.3427726
197,ST BOTOLPH ST,BOSTON,"2,115.00","675,500.00",1/1/22,-71.083677,42.3427726
197,ST BOTOLPH ST,BOSTON,"2,115.00","1,123,500.00",1/1/22,-71.083677,42.3427726
199,ST BOTOLPH ST,BOSTON,"2,115.00","4,532,500.00",1/1/22,-71.083772,42.342762
15,ST GERMAIN ST,BOSTON,2115,"1,644,600",1/1/22,-71.0863842,42.3457113
17,ST GERMAIN ST,BOSTON,2115,"1,237,999",1/1/22,-71.0862913,42.3456955
19,ST GERMAIN ST,BOSTON,2115,"1,237,999",1/1/22,-71.0860128,42.3456479
21,ST GERMAIN ST,BOSTON,2115,"1,237,999",1/1/22,-71.0861408,42.3456682
23,ST GERMAIN ST,BOSTON,2115,"1,237,999",1/1/22,-71.0860662,42.3456575
25,ST GERMAIN ST,BOSTON,2115,"1,237,999",1/1/22,-71.0859931,42.3456474
27,ST GERMAIN ST,BOSTON,2115,"1,451,100",1/1/22,-71.0859199,42.3456321
29,ST GERMAIN ST,BOSTON,2115,"1,392,185",1/1/22,-71.0858271,42.3456534
31,ST GERMAIN ST,BOSTON,2115,"1,392,185",1/1/22,-71.085769,42.3456156
33,ST GERMAIN ST,BOSTON,2115,"1,392,185",1/1/22,-71.0856878,42.3455925
35,ST GERMAIN ST,BOSTON,2115,"1,392,185",1/1/22,-71.0855949,42.3455767
37,ST GERMAIN ST,BOSTON,2115,"1,393,312",1/1/22,-71.0855021,42.345598
39,ST GERMAIN ST,BOSTON,2115,"1,392,185",1/1/22,-71.0854441,42.3455602
41,ST GERMAIN ST,BOSTON,2115,"1,392,185",1/1/22,-71.0853628,42.3455371
43,ST GERMAIN ST,BOSTON,2115,"1,237,999",1/1/22,-71.08527,42.3455584
45,ST GERMAIN ST,BOSTON,2115,"1,237,999",1/1/22,-71.0852119,42.3455392
47,ST GERMAIN ST,BOSTON,2115,"1,237,999",1/1/22,-71.0850843,42.3455267
49,ST GERMAIN ST,BOSTON,2115,"1,683,500",1/1/22,-71.0850109,42.3455061
51,ST GERMAIN ST,BOSTON,2115,"1,237,999",1/1/22,-71.0849914,42.3455108
53,ST GERMAIN ST,BOSTON,2115,"1,237,999",1/1/22,-71.0849102,42.3454877
55,ST GERMAIN ST,BOSTON,2115,"1,237,999",1/1/22,-71.0848405,42.3454758
57,ST GERMAIN ST,BOSTON,2115,"1,237,999",1/1/22,-71.0847593,42.3454712
59,ST GERMAIN ST,BOSTON,2115,"1,237,999",1/1/22,-71.0846262,42.3454683
61,ST GERMAIN ST,BOSTON,2115,"1,237,999",1/1/22,-71.0845916,42.3455108
63,ST GERMAIN ST,BOSTON,2115,"1,237,999",1/1/22,-71.0845388,42.3454429
65,ST GERMAIN ST,BOSTON,2115,"1,237,999",1/1/22,-71.0844807,42.3454237
67,ST GERMAIN ST,BOSTON,2115,"4,020,121",1/1/22,-71.0842718,42.3453695
60,ST GERMAIN ST,BOSTON,2115,"1,664,546",1/1/22,-71.0847361,42.3457457
58,ST GERMAIN ST,BOSTON,2115,"1,660,044",1/1/22,-71.0847379,42.3457395
56,ST GERMAIN ST,BOSTON,2115,"1,341,541",1/1/22,-71.0848521,42.3457098
54,ST GERMAIN ST,BOSTON,2115,"1,353,920",1/1/22,-71.0849102,42.3457476
52,ST GERMAIN ST,BOSTON,2115,"1,351,400",1/1/22,-71.0849914,42.3457336
50,ST GERMAIN ST,BOSTON,2115,"1,487,700",1/1/22,-71.0850495,42.3457714
48,ST GERMAIN ST,BOSTON,2115,"1,350,544",1/1/22,-71.0851307,42.3457945
46,ST GERMAIN ST,BOSTON,2115,"1,629,400",1/1/22,-71.0852119,42.3457991
44,ST GERMAIN ST,BOSTON,2115,"1,350,544",1/1/22,-71.08527,42.3458183
42,ST GERMAIN ST,BOSTON,2115,"1,350,544",1/1/22,-71.0853512,42.3458228
40,ST GERMAIN ST,BOSTON,2115,"1,350,544",1/1/22,-71.0854092,42.345842
38,ST GERMAIN ST,BOSTON,2115,"1,350,544",1/1/22,-71.0855021,42.3458207
36,ST GERMAIN ST,BOSTON,2115,"1,350,544",1/1/22,-71.0855833,42.3458439
34,ST GERMAIN ST,BOSTON,2115,"1,350,544",1/1/22,-71.0856414,42.3458445
32,ST GERMAIN ST,BOSTON,2115,"1,350,544",1/1/22,-71.0856994,42.3458822
30,ST GERMAIN ST,BOSTON,2115,"1,350,544",1/1/22,-71.0857806,42.3459054
28,ST GERMAIN ST,BOSTON,2115,"1,350,544",1/1/22,-71.0858619,42.34591
26,ST GERMAIN ST,BOSTON,2115,"1,350,544",1/1/22,-71.0859199,42.3459291
24,ST GERMAIN ST,BOSTON,2115,"1,350,544",1/1/22,-71.0860128,42.3459078
22,ST GERMAIN ST,BOSTON,"2,115.00","1,350,544.00",1/1/22,-71.0860719,42.3459352
20,ST GERMAIN ST,BOSTON,"2,115.00","1,350,544.00",1/1/22,-71.086152,42.3459316
18,ST GERMAIN ST,BOSTON,"2,115.00","1,350,544.00",1/1/22,-71.0862101,42.3459693
16,ST GERMAIN ST,BOSTON,"2,115.00","1,350,544.00",1/1/22,-71.0862913,42.3459554
14,ST GERMAIN ST,BOSTON,"2,115.00","1,350,544.00",1/1/22,-71.0863726,42.3459785
12,ST GERMAIN ST,BOSTON,"2,115.00","1,350,544.00",1/1/22,-71.0864306,42.3459791
10,ST GERMAIN ST,BOSTON,"2,115.00","1,350,544.00",1/1/22,-71.0865118,42.3460023
8,ST GERMAIN ST,BOSTON,"2,115.00","1,294,271.00",1/1/22,-71.0865815,42.3460141
161,St Botolph ST,BOSTON,2115,3496200,1/1/23,-71.0828646,42.3434138
169,St Botolph ST,BOSTON,2115,2738800,1/1/23,-71.0829458,42.3433813
171,St Botolph ST,BOSTON,2115,1856600,1/1/23,-71.0829923,42.3433149
173,St Botolph ST,BOSTON,2115,2193600,1/1/23,-71.0830735,42.3432823
175,St Botolph ST,BOSTON,2115,0,1/1/23,-71.0831264,42.3432823
175,St Botolph ST,BOSTON,2115,823700,1/1/23,-71.0831264,42.3432823
175,St Botolph ST,BOSTON,2115,1065600,1/1/23,-71.0831264,42.3432823
177,St Botolph ST,BOSTON,2115,2829900,1/1/23,-71.0831315,42.3432644
179,St Botolph ST,BOSTON,2115,2458000,1/1/23,-71.0832244,42.3431688
181,St Botolph ST,BOSTON,2115,0,1/1/23,-71.0832244,42.3430947
181,St Botolph ST,BOSTON,2115,845100,1/1/23,-71.0832244,42.3430947
183,St Botolph ST,BOSTON,2115,2176300,1/1/23,-71.0832326,42.3430546
185,St Botolph ST,BOSTON,2115,2979500,1/1/23,-71.0833966,42.3431416
187,St Botolph ST,BOSTON,2115,2711300,1/1/23,-71.0833637,42.3429698
189,St Botolph ST,BOSTON,2115,2923200,1/1/23,-71.0834565,42.3429486
191,St Botolph ST,BOSTON,2115,0,1/1/23,-71.0835029,42.3428822
191,St Botolph ST,BOSTON,2115,1108800,1/1/23,-71.0835029,42.3428822
193,St Botolph ST,BOSTON,2115,0,1/1/23,-71.0835732,42.3428601
193,St Botolph ST,BOSTON,2115,1383800,1/1/23,-71.0835732,42.3428601
195,St Botolph ST,BOSTON,2115,0,1/1/23,-71.0835474,42.3427803
195,St Botolph ST,BOSTON,2115,1126800,1/1/23,-71.0835474,42.3427803
197,St Botolph ST,BOSTON,2115,0,1/1/23,-71.083677,42.3427726
197,St Botolph ST,BOSTON,2115,1179700,1/1/23,-71.083677,42.3427726
199,St Botolph ST,BOSTON,2115,4798600,1/1/23,-71.083772,42.342762
15,ST GERMAIN ST,BOSTON,2115,1694800,1/1/23,-71.0863842,42.3457113
17,ST GERMAIN ST,BOSTON,2115,1276157,1/1/23,-71.0862913,42.3456955
19,ST GERMAIN ST,BOSTON,2115,1276157,1/1/23,-71.0860128,42.3456479
21,ST GERMAIN ST,BOSTON,2115,1276157,1/1/23,-71.0861408,42.3456682
23,ST GERMAIN ST,BOSTON,2115,1276157,1/1/23,-71.0860662,42.3456575
25,ST GERMAIN ST,BOSTON,2115,1276157,1/1/23,-71.0859931,42.3456474
27,ST GERMAIN ST,BOSTON,2115,1548100,1/1/23,-71.0859199,42.3456321
29,ST GERMAIN ST,BOSTON,2115,1435096,1/1/23,-71.0858271,42.3456534
31,ST GERMAIN ST,BOSTON,2115,1435096,1/1/23,-71.085769,42.3456156
33,ST GERMAIN ST,BOSTON,2115,1435096,1/1/23,-71.0856878,42.3455925
35,ST GERMAIN ST,BOSTON,2115,1435096,1/1/23,-71.0855949,42.3455767
37,ST GERMAIN ST,BOSTON,2115,1436257,1/1/23,-71.0855021,42.345598
39,ST GERMAIN ST,BOSTON,2115,1435096,1/1/23,-71.0854441,42.3455602
41,ST GERMAIN ST,BOSTON,2115,1435096,1/1/23,-71.0853628,42.3455371
43,ST GERMAIN ST,BOSTON,2115,1276157,1/1/23,-71.08527,42.3455584
45,ST GERMAIN ST,BOSTON,2115,1276157,1/1/23,-71.0852119,42.3455392
47,ST GERMAIN ST,BOSTON,2115,1276157,1/1/23,-71.0850843,42.3455267
49,ST GERMAIN ST,BOSTON,2115,1734800,1/1/23,-71.0850109,42.3455061
51,ST GERMAIN ST,BOSTON,2115,1276157,1/1/23,-71.0849914,42.3455108
53,ST GERMAIN ST,BOSTON,2115,1276157,1/1/23,-71.0849102,42.3454877
55,ST GERMAIN ST,BOSTON,2115,1276157,1/1/23,-71.0848405,42.3454758
57,ST GERMAIN ST,BOSTON,2115,1276157,1/1/23,-71.0847593,42.3454712
59,ST GERMAIN ST,BOSTON,2115,1276157,1/1/23,-71.0846262,42.3454683
61,ST GERMAIN ST,BOSTON,2115,1276157,1/1/23,-71.0845916,42.3455108
63,ST GERMAIN ST,BOSTON,2115,1276157,1/1/23,-71.0845388,42.3454429
65,ST GERMAIN ST,BOSTON,2115,1276157,1/1/23,-71.0844807,42.3454237
67,ST GERMAIN ST,BOSTON,2115,4144030,1/1/23,-71.0842718,42.3453695
60,ST GERMAIN ST,BOSTON,2115,1715852,1/1/23,-71.0847361,42.3457457
58,ST GERMAIN ST,BOSTON,2115,1711210,1/1/23,-71.0847379,42.3457395
56,ST GERMAIN ST,BOSTON,2115,1382890,1/1/23,-71.0848521,42.3457098
54,ST GERMAIN ST,BOSTON,2115,1395651,1/1/23,-71.0849102,42.3457476
52,ST GERMAIN ST,BOSTON,2115,1434500,1/1/23,-71.0849914,42.3457336
50,ST GERMAIN ST,BOSTON,2115,1533000,1/1/23,-71.0850495,42.3457714
48,ST GERMAIN ST,BOSTON,2115,1392171,1/1/23,-71.0851307,42.3457945
46,ST GERMAIN ST,BOSTON,2115,1679000,1/1/23,-71.0852119,42.3457991
44,ST GERMAIN ST,BOSTON,2115,1392171,1/1/23,-71.08527,42.3458183
42,ST GERMAIN ST,BOSTON,2115,1392171,1/1/23,-71.0853512,42.3458228
40,ST GERMAIN ST,BOSTON,2115,1392171,1/1/23,-71.0854092,42.345842
38,ST GERMAIN ST,BOSTON,2115,1392171,1/1/23,-71.0855021,42.3458207
36,ST GERMAIN ST,BOSTON,2115,1392171,1/1/23,-71.0855833,42.3458439
34,ST GERMAIN ST,BOSTON,2115,1392171,1/1/23,-71.0856414,42.3458445
32,ST GERMAIN ST,BOSTON,2115,1392171,1/1/23,-71.0856994,42.3458822
30,ST GERMAIN ST,BOSTON,2115,1392171,1/1/23,-71.0857806,42.3459054
28,ST GERMAIN ST,BOSTON,2115,1392171,1/1/23,-71.0858619,42.34591
26,ST GERMAIN ST,BOSTON,2115,1392171,1/1/23,-71.0859199,42.3459291
24,ST GERMAIN ST,BOSTON,2115,1392171,1/1/23,-71.0860128,42.3459078
22,ST GERMAIN ST,BOSTON,2115,1392171,1/1/23,-71.0860719,42.3459352
20,ST GERMAIN ST,BOSTON,2115,1392171,1/1/23,-71.086152,42.3459316
18,ST GERMAIN ST,BOSTON,2115,1392171,1/1/23,-71.0862101,42.3459693
16,ST GERMAIN ST,BOSTON,2115,1392171,1/1/23,-71.0862913,42.3459554
14,ST GERMAIN ST,BOSTON,2115,1392171,1/1/23,-71.0863726,42.3459785
12,ST GERMAIN ST,BOSTON,2115,1392171,1/1/23,-71.0864306,42.3459791
10,ST GERMAIN ST,BOSTON,2115,1392171,1/1/23,-71.0865118,42.3460023
8,ST GERMAIN ST,BOSTON,2115,1334164,1/1/23,-71.0865815,42.3460141
199,ST BOTOLPH ST,BOSTON,02115_,3188400,1/1/15,-71.083772,42.342762
197,ST BOTOLPH ST,BOSTON,02115_,824100,1/1/15,-71.083677,42.3427726
197,ST BOTOLPH ST,BOSTON,02115_,0,1/1/15,-71.083677,42.3427726
195,ST BOTOLPH ST,BOSTON,02115_,764500,1/1/15,-71.0835474,42.3427803
195,ST BOTOLPH ST,BOSTON,02115_,0,1/1/15,-71.0835474,42.3427803
193,ST BOTOLPH ST,BOSTON,02115_,837700,1/1/15,-71.0835732,42.3428601
193,ST BOTOLPH ST,BOSTON,02115_,0,1/1/15,-71.0835732,42.3428601
191,ST BOTOLPH ST,BOSTON,02115_,788600,1/1/15,-71.0835029,42.3428822
191,ST BOTOLPH ST,BOSTON,02115_,0,1/1/15,-71.0835029,42.3428822
189,ST BOTOLPH ST,BOSTON,02115_,1969500,1/1/15,-71.0834565,42.3429486
187,ST BOTOLPH ST,BOSTON,02115_,1833500,1/1/15,-71.0833637,42.3429698
185,ST BOTOLPH ST,BOSTON,02115_,2121500,1/1/15,-71.0833966,42.3431416
183,ST BOTOLPH ST,BOSTON,02115_,1500000,1/1/15,-71.0832326,42.3430546
181,ST BOTOLPH ST,BOSTON,02115_,597100,1/1/15,-71.0832244,42.3430947
181,ST BOTOLPH ST,BOSTON,02115_,421400,1/1/15,-71.0832244,42.3430947
181,ST BOTOLPH ST,BOSTON,02115_,0,1/1/15,-71.0832244,42.3430947
179,ST BOTOLPH ST,BOSTON,02115_,1611000,1/1/15,-71.0832244,42.3431688
175,ST BOTOLPH ST,BOSTON,02115_,696500,1/1/15,-71.0831264,42.3432823
175,ST BOTOLPH ST,BOSTON,02115_,0,1/1/15,-71.0831264,42.3432823
173,ST BOTOLPH ST,BOSTON,02115_,1516000,1/1/15,-71.0830735,42.3432823
171,ST BOTOLPH ST,BOSTON,02115_,1260500,1/1/15,-71.0829923,42.3433149
169,ST BOTOLPH ST,BOSTON,02115_,1871500,1/1/15,-71.0829458,42.3433813
161,ST BOTOLPH ST,BOSTON,02115_,2324500,1/1/15,-71.0828646,42.3434138
8,ST GERMAIN ST,BOSTON,02116_,975859,1/1/15,-71.0865815,42.3460141
10,ST GERMAIN ST,BOSTON,02116_,1021131,1/2/15,-71.0865118,42.3460023
12,ST GERMAIN ST,BOSTON,02116_,1021131,1/3/15,-71.0864306,42.3459791
14,ST GERMAIN ST,BOSTON,02116_,1021131,1/4/15,-71.0863726,42.3459785
16,ST GERMAIN ST,BOSTON,02116_,1021131,1/5/15,-71.0862913,42.3459554
18,ST GERMAIN ST,BOSTON,02116_,1021131,1/6/15,-71.0862101,42.3459693
20,ST GERMAIN ST,BOSTON,02116_,1021131,1/7/15,-71.086152,42.3459316
22,ST GERMAIN ST,BOSTON,02116_,1021131,1/8/15,-71.0860719,42.3459352
24,ST GERMAIN ST,BOSTON,02116_,1021131,1/9/15,-71.0860128,42.3459078
26,ST GERMAIN ST,BOSTON,02116_,1021131,1/10/15,-71.0859199,42.3459291
28,ST GERMAIN ST,BOSTON,02116_,1021131,1/11/15,-71.0858619,42.34591
30,ST GERMAIN ST,BOSTON,02116_,1021131,1/12/15,-71.0857806,42.3459054
32,ST GERMAIN ST,BOSTON,02116_,1021131,1/13/15,-71.0856994,42.3458822
34,ST GERMAIN ST,BOSTON,02116_,1021131,1/14/15,-71.0856414,42.3458445
36,ST GERMAIN ST,BOSTON,02116_,1021131,1/15/15,-71.0855833,42.3458439
38,ST GERMAIN ST,BOSTON,02116_,1021131,1/16/15,-71.0855021,42.3458207
40,ST GERMAIN ST,BOSTON,02116_,1021131,1/17/15,-71.0854092,42.345842
42,ST GERMAIN ST,BOSTON,02116_,1021131,1/18/15,-71.0853512,42.3458228
44,ST GERMAIN ST,BOSTON,02116_,1021131,1/19/15,-71.08527,42.3458183
46,ST GERMAIN ST,BOSTON,02115_,927200,1/20/15,-71.0852119,42.3457991
48,ST GERMAIN ST,BOSTON,02116_,1021131,1/21/15,-71.0851307,42.3457945
50,ST GERMAIN ST,BOSTON,01949_,799700,1/22/15,-71.0850495,42.3457714
52,ST GERMAIN ST,BOSTON,02115_,1042000,1/23/15,-71.0849914,42.3457336
54,ST GERMAIN ST,BOSTON,02116_,1021131,1/24/15,-71.0849102,42.3457476
56,ST GERMAIN ST,BOSTON,02116_,1016100,1/25/15,-71.0848521,42.3457098
58,ST GERMAIN ST,BOSTON,02116_,1252520,1/26/15,-71.0847379,42.3457395
60,ST GERMAIN ST,BOSTON,02116_,1257550,1/27/15,-71.0847361,42.3457457
67,ST GERMAIN ST,BOSTON,02116_,3038239,2/12/15,-71.0842718,42.3453695
65,ST GERMAIN ST,BOSTON,02116_,935617,2/13/15,-71.0844807,42.3454237
63,ST GERMAIN ST,BOSTON,02116_,935617,2/14/15,-71.0845388,42.3454429
61,ST GERMAIN ST,BOSTON,02116_,935617,2/15/15,-71.0845916,42.3455108
59,ST GERMAIN ST,BOSTON,02116_,935617,2/16/15,-71.0846262,42.3454683
57,ST GERMAIN ST,BOSTON,02116_,935617,2/17/15,-71.0847593,42.3454712
55,ST GERMAIN ST,BOSTON,02116_,935617,2/18/15,-71.0848405,42.3454758
53,ST GERMAIN ST,BOSTON,02116_,935617,2/19/15,-71.0849102,42.3454877
51,ST GERMAIN ST,BOSTON,02116_,935617,2/20/15,-71.0849914,42.3455108
49,ST GERMAIN ST,BOSTON,02116_,796500,2/21/15,-71.0850109,42.3455061
47,ST GERMAIN ST,BOSTON,02116_,935617,2/22/15,-71.0850843,42.3455267
45,ST GERMAIN ST,BOSTON,02116_,"935,617.00",2/23/15,-71.0852119,42.3455392
43,ST GERMAIN ST,BOSTON,02116_,"935,617.00",2/24/15,-71.08527,42.3455584
41,ST GERMAIN ST,BOSTON,02116_,"1,051,312.00",2/25/15,-71.0853628,42.3455371
39,ST GERMAIN ST,BOSTON,02116_,"1,051,312.00",2/26/15,-71.0854441,42.3455602
37,ST GERMAIN ST,BOSTON,02116_,"1,051,312.00",2/27/15,-71.0855021,42.345598
35,ST GERMAIN ST,BOSTON,02116_,"1,051,312.00",2/28/15,-71.0855949,42.3455767
33,ST GERMAIN ST,BOSTON,02116_,"1,051,312.00",3/1/15,-71.0856878,42.3455925
31,ST GERMAIN ST,BOSTON,02116_,"1,051,312.00",3/2/15,-71.085769,42.3456156
29,ST GERMAIN ST,BOSTON,02116_,"1,051,312.00",3/3/15,-71.0858271,42.3456534
27,ST GERMAIN ST,BOSTON,02118_,"1,094,500.00",3/4/15,-71.0859199,42.3456321
25,ST GERMAIN ST,BOSTON,02116_,"935,617.00",3/5/15,-71.0859931,42.3456474
23,ST GERMAIN ST,BOSTON,02116_,"935,617.00",3/6/15,-71.0860662,42.3456575
21,ST GERMAIN ST,BOSTON,02116_,"935,617.00",3/7/15,-71.0861408,42.3456682
19,ST GERMAIN ST,BOSTON,02116_,"935,617.00",3/8/15,-71.0860128,42.3456479
17,ST GERMAIN ST,BOSTON,02116_,"935,617.00",3/9/15,-71.0862913,42.3456955
15,ST GERMAIN ST,BOSTON,02118_,"995,600.00",3/10/15,-71.0863842,42.3457113
161,ST BOTOLPH ST,BOSTON,02115_,2465600,1/1/16,-71.0828646,42.3434138
169,ST BOTOLPH ST,BOSTON,02115_,2172500,1/1/16,-71.0829458,42.3433813
171,ST BOTOLPH ST,BOSTON,02115_,1412000,1/1/16,-71.0829923,42.3433149
173,ST BOTOLPH ST,BOSTON,02115_,1725000,1/1/16,-71.0830735,42.3432823
175,ST BOTOLPH ST,BOSTON,02115_,0,1/1/16,-71.0831264,42.3432823
175,ST BOTOLPH ST,BOSTON,02115_,715400,1/1/16,-71.0831264,42.3432823
175,ST BOTOLPH ST,BOSTON,02115_,785200,1/1/16,-71.0831264,42.3432823
177,ST BOTOLPH ST,BOSTON,02115_,2248000,1/1/16,-71.0831315,42.3432644
179,ST BOTOLPH ST,BOSTON,02115_,1885000,1/1/16,-71.0832244,42.3431688
181,ST BOTOLPH ST,BOSTON,02115_,0,1/1/16,-71.0832244,42.3430947
181,ST BOTOLPH ST,BOSTON,02115_,630000,1/1/16,-71.0832244,42.3430947
183,ST BOTOLPH ST,BOSTON,02115_,1726500,1/1/16,-71.0832326,42.3430546
185,ST BOTOLPH ST,BOSTON,02115_,2363000,1/1/16,-71.0833966,42.3431416
187,ST BOTOLPH ST,BOSTON,02115_,2087500,1/1/16,-71.0833637,42.3429698
189,ST BOTOLPH ST,BOSTON,02115_,2321500,1/1/16,-71.0834565,42.3429486
191,ST BOTOLPH ST,BOSTON,02115_,0,1/1/16,-71.0835029,42.3428822
191,ST BOTOLPH ST,BOSTON,02115_,829700,1/1/16,-71.0835029,42.3428822
193,ST BOTOLPH ST,BOSTON,02115_,0,1/1/16,-71.0835732,42.3428601
193,ST BOTOLPH ST,BOSTON,02115_,999400,1/1/16,-71.0835732,42.3428601
195,ST BOTOLPH ST,BOSTON,02115_,0,1/1/16,-71.0835474,42.3427803
195,ST BOTOLPH ST,BOSTON,02115_,795000,1/1/16,-71.0835474,42.3427803
197,ST BOTOLPH ST,BOSTON,02115_,0,1/1/16,-71.083677,42.3427726
197,ST BOTOLPH ST,BOSTON,02115_,901700,1/1/16,-71.083677,42.3427726
199,ST BOTOLPH ST,BOSTON,02115_,3415900,1/1/16,-71.083772,42.342762
15,ST GERMAIN ST,BOSTON,02115_,1170600,1/1/16,-71.0863842,42.3457113
23,ST GERMAIN ST,BOSTON,02115_,1159813,1/1/16,-71.0860662,42.3456575
25,ST GERMAIN ST,BOSTON,02115_,1159813,1/1/16,-71.0859931,42.3456474
27,ST GERMAIN ST,BOSTON,02115_,1190500,1/1/16,-71.0859199,42.3456321
29,ST GERMAIN ST,BOSTON,02115_,1303230,1/1/16,-71.0858271,42.3456534
31,ST GERMAIN ST,BOSTON,02115_,1303230,1/1/16,-71.085769,42.3456156
33,ST GERMAIN ST,BOSTON,02115_,1303230,1/1/16,-71.0856878,42.3455925
35,ST GERMAIN ST,BOSTON,02115_,1303230,1/1/16,-71.0855949,42.3455767
37,ST GERMAIN ST,BOSTON,02115_,1303230,1/1/16,-71.0855021,42.345598
39,ST GERMAIN ST,BOSTON,02115_,1303230,1/1/16,-71.0854441,42.3455602
41,ST GERMAIN ST,BOSTON,02115_,1303230,1/1/16,-71.0853628,42.3455371
43,ST GERMAIN ST,BOSTON,02115_,1159813,1/1/16,-71.08527,42.3455584
45,ST GERMAIN ST,BOSTON,02115_,1159813,1/1/16,-71.0852119,42.3455392
47,ST GERMAIN ST,BOSTON,02115_,1159813,1/1/16,-71.0850843,42.3455267
49,ST GERMAIN ST,BOSTON,02115_,1256300,1/1/16,-71.0850109,42.3455061
51,ST GERMAIN ST,BOSTON,02115_,1159813,1/1/16,-71.0849914,42.3455108
53,ST GERMAIN ST,BOSTON,02115_,1159813,1/1/16,-71.0849102,42.3454877
55,ST GERMAIN ST,BOSTON,02115_,1159813,1/1/16,-71.0848405,42.3454758
57,ST GERMAIN ST,BOSTON,02115_,1159813,1/1/16,-71.0847593,42.3454712
59,ST GERMAIN ST,BOSTON,02115_,1159813,1/1/16,-71.0846262,42.3454683
61,ST GERMAIN ST,BOSTON,02115_,1159813,1/1/16,-71.0845916,42.3455108
63,ST GERMAIN ST,BOSTON,02115_,1159813,1/1/16,-71.0845388,42.3454429
65,ST GERMAIN ST,BOSTON,02115_,1159813,1/1/16,-71.0844807,42.3454237
67,ST GERMAIN ST,BOSTON,02115_,"3,766,270.00",1/1/16,-71.0842718,42.3453695
60,ST GERMAIN ST,BOSTON,02115_,"1,558,888.00",1/1/16,-71.0847361,42.3457457
58,ST GERMAIN ST,BOSTON,02115_,"1,552,652.00",1/1/16,-71.0847379,42.3457395
56,ST GERMAIN ST,BOSTON,02115_,"1,259,582.00",1/1/16,-71.0848521,42.3457098
54,ST GERMAIN ST,BOSTON,02115_,"1,265,816.00",1/1/16,-71.0849102,42.3457476
52,ST GERMAIN ST,BOSTON,02115_,"1,117,500.00",1/1/16,-71.0849914,42.3457336
50,ST GERMAIN ST,BOSTON,02115_,"1,040,900.00",1/1/16,-71.0850495,42.3457714
48,ST GERMAIN ST,BOSTON,02115_,"1,265,816.00",1/1/16,-71.0851307,42.3457945
46,ST GERMAIN ST,BOSTON,02115_,"1,153,300.00",1/1/16,-71.0852119,42.3457991
44,ST GERMAIN ST,BOSTON,02115_,"1,265,816.00",1/1/16,-71.08527,42.3458183
42,ST GERMAIN ST,BOSTON,02115_,"1,265,816.00",1/1/16,-71.0853512,42.3458228
40,ST GERMAIN ST,BOSTON,02115_,"1,265,816.00",1/1/16,-71.0854092,42.345842
38,ST GERMAIN ST,BOSTON,02115_,"1,265,816.00",1/1/16,-71.0855021,42.3458207
36,ST GERMAIN ST,BOSTON,02115_,"1,265,816.00",1/1/16,-71.0855833,42.3458439
34,ST GERMAIN ST,BOSTON,02115_,"1,265,816.00",1/1/16,-71.0856414,42.3458445
32,ST GERMAIN ST,BOSTON,02115_,"1,265,816.00",1/1/16,-71.0856994,42.3458822
30,ST GERMAIN ST,BOSTON,02115_,"1,265,816.00",1/1/16,-71.0857806,42.3459054
28,ST GERMAIN ST,BOSTON,02115_,"1,265,816.00",1/1/16,-71.0858619,42.34591
26,ST GERMAIN ST,BOSTON,02115_,"1,265,816.00",1/1/16,-71.0859199,42.3459291
24,ST GERMAIN ST,BOSTON,02115_,"1,265,816.00",1/1/16,-71.0860128,42.3459078
22,ST GERMAIN ST,BOSTON,02115_,"1,265,816.00",1/1/16,-71.0860719,42.3459352
20,ST GERMAIN ST,BOSTON,02115_,"1,265,816.00",1/1/16,-71.086152,42.3459316
18,ST GERMAIN ST,BOSTON,02115_,"1,265,816.00",1/1/16,-71.0862101,42.3459693
16,ST GERMAIN ST,BOSTON,02115_,"1,265,816.00",1/1/16,-71.0862913,42.3459554
14,ST GERMAIN ST,BOSTON,02115_,"1,265,816.00",1/1/16,-71.0863726,42.3459785
12,ST GERMAIN ST,BOSTON,02115_,"1,265,816.00",1/1/16,-71.0864306,42.3459791
10,ST GERMAIN ST,BOSTON,02115_,"1,265,816.00",1/1/16,-71.0865118,42.3460023
8,ST GERMAIN ST,BOSTON,02115_,"1,209,697.00",1/1/16,-71.0865815,42.3460141
161,ST BOTOLPH ST,BOSTON,02115_,2687500,1/1/17,-71.0828646,42.3434138
169,ST BOTOLPH ST,BOSTON,02115_,2365000,1/1/17,-71.0829458,42.3433813
171,ST BOTOLPH ST,BOSTON,02115_,1624000,1/1/17,-71.0829923,42.3433149
173,ST BOTOLPH ST,BOSTON,02115_,1878000,1/1/17,-71.0830735,42.3432823
175,ST BOTOLPH ST,BOSTON,02115_,0,1/1/17,-71.0831264,42.3432823
175,ST BOTOLPH ST,BOSTON,02115_,644700,1/1/17,-71.0831264,42.3432823
175,ST BOTOLPH ST,BOSTON,02115_,668200,1/1/17,-71.0831264,42.3432823
175,ST BOTOLPH ST,BOSTON,02115_,744000,1/1/17,-71.0831264,42.3432823
175,ST BOTOLPH ST,BOSTON,02115_,816600,1/1/17,-71.0831264,42.3432823
177,ST BOTOLPH ST,BOSTON,02115_,2447500,1/1/17,-71.0831315,42.3432644
179,ST BOTOLPH ST,BOSTON,02115_,2055500,1/1/17,-71.0832244,42.3431688
181,ST BOTOLPH ST,BOSTON,02115_,0,1/1/17,-71.0832244,42.3430947
181,ST BOTOLPH ST,BOSTON,02115_,655200,1/1/17,-71.0832244,42.3430947
183,ST BOTOLPH ST,BOSTON,02115_,1861000,1/1/17,-71.0832326,42.3430546
185,ST BOTOLPH ST,BOSTON,02115_,2572500,1/1/17,-71.0833966,42.3431416
187,ST BOTOLPH ST,BOSTON,02115_,2272000,1/1/17,-71.0833637,42.3429698
189,ST BOTOLPH ST,BOSTON,02115_,2518000,1/1/17,-71.0834565,42.3429486
191,ST BOTOLPH ST,BOSTON,02115_,0,1/1/17,-71.0835029,42.3428822
191,ST BOTOLPH ST,BOSTON,02115_,862900,1/1/17,-71.0835029,42.3428822
193,ST BOTOLPH ST,BOSTON,02115_,0,1/1/17,-71.0835732,42.3428601
193,ST BOTOLPH ST,BOSTON,02115_,1039400,1/1/17,-71.0835732,42.3428601
195,ST BOTOLPH ST,BOSTON,02115_,0,1/1/17,-71.0835474,42.3427803
195,ST BOTOLPH ST,BOSTON,02115_,826800,1/1/17,-71.0835474,42.3427803
197,ST BOTOLPH ST,BOSTON,02115_,0,1/1/17,-71.083677,42.3427726
197,ST BOTOLPH ST,BOSTON,02115_,937800,1/1/17,-71.083677,42.3427726
199,ST BOTOLPH ST,BOSTON,02115_,3723300,1/1/17,-71.083772,42.342762
15,ST GERMAIN ST,BOSTON,02115_,1252400,1/1/17,-71.0863842,42.3457113
17,ST GERMAIN ST,BOSTON,02115_,1284302,1/1/17,-71.0862913,42.3456955
19,ST GERMAIN ST,BOSTON,02115_,1284302,1/1/17,-71.0860128,42.3456479
21,ST GERMAIN ST,BOSTON,02115_,1284302,1/1/17,-71.0861408,42.3456682
23,ST GERMAIN ST,BOSTON,02115_,1284302,1/1/17,-71.0860662,42.3456575
25,ST GERMAIN ST,BOSTON,02115_,1284302,1/1/17,-71.0859931,42.3456474
27,ST GERMAIN ST,BOSTON,02115_,1306000,1/1/17,-71.0859199,42.3456321
29,ST GERMAIN ST,BOSTON,02115_,1443114,1/1/17,-71.0858271,42.3456534
31,ST GERMAIN ST,BOSTON,02115_,1443114,1/1/17,-71.085769,42.3456156
33,ST GERMAIN ST,BOSTON,02115_,1443114,1/1/17,-71.0856878,42.3455925
35,ST GERMAIN ST,BOSTON,02115_,1443114,1/1/17,-71.0855949,42.3455767
37,ST GERMAIN ST,BOSTON,02115_,1443114,1/1/17,-71.0855021,42.345598
39,ST GERMAIN ST,BOSTON,02115_,1443114,1/1/17,-71.0854441,42.3455602
41,ST GERMAIN ST,BOSTON,02115_,1443114,1/1/17,-71.0853628,42.3455371
43,ST GERMAIN ST,BOSTON,02115_,1284302,1/1/17,-71.08527,42.3455584
45,ST GERMAIN ST,BOSTON,02115_,1284302,1/1/17,-71.0852119,42.3455392
47,ST GERMAIN ST,BOSTON,02115_,1284302,1/1/17,-71.0850843,42.3455267
49,ST GERMAIN ST,BOSTON,02115_,1344100,1/1/17,-71.0850109,42.3455061
51,ST GERMAIN ST,BOSTON,02115_,1284302,1/1/17,-71.0849914,42.3455108
53,ST GERMAIN ST,BOSTON,02115_,1284302,1/1/17,-71.0849102,42.3454877
55,ST GERMAIN ST,BOSTON,02115_,1284302,1/1/17,-71.0848405,42.3454758
57,ST GERMAIN ST,BOSTON,02115_,1284302,1/1/17,-71.0847593,42.3454712
59,ST GERMAIN ST,BOSTON,02115_,1284302,1/1/17,-71.0846262,42.3454683
61,ST GERMAIN ST,BOSTON,02115_,1284302,1/1/17,-71.0845916,42.3455108
63,ST GERMAIN ST,BOSTON,02115_,1284302,1/1/17,-71.0845388,42.3454429
65,ST GERMAIN ST,BOSTON,02115_,1284302,1/1/17,-71.0844807,42.3454237
67,ST GERMAIN ST,BOSTON,02115_,4170528,1/1/17,-71.0842718,42.3453695
60,ST GERMAIN ST,BOSTON,02115_,1726213,1/1/17,-71.0847361,42.3457457
58,ST GERMAIN ST,BOSTON,02115_,1719307,1/1/17,-71.0847379,42.3457395
56,ST GERMAIN ST,BOSTON,02115_,1394779,1/1/17,-71.0848521,42.3457098
54,ST GERMAIN ST,BOSTON,02115_,1401685,1/1/17,-71.0849102,42.3457476
52,ST GERMAIN ST,BOSTON,02115_,1209500,1/1/17,-71.0849914,42.3457336
50,ST GERMAIN ST,BOSTON,02115_,1113600,1/1/17,-71.0850495,42.3457714
48,ST GERMAIN ST,BOSTON,02115_,1401685,1/1/17,-71.0851307,42.3457945
46,ST GERMAIN ST,BOSTON,02115_,1233900,1/1/17,-71.0852119,42.3457991
44,ST GERMAIN ST,BOSTON,02115_,1401685,1/1/17,-71.08527,42.3458183
42,ST GERMAIN ST,BOSTON,02115_,1401685,1/1/17,-71.0853512,42.3458228
40,ST GERMAIN ST,BOSTON,02115_,1401685,1/1/17,-71.0854092,42.345842
38,ST GERMAIN ST,BOSTON,02115_,1401685,1/1/17,-71.0855021,42.3458207
36,ST GERMAIN ST,BOSTON,02115_,1401685,1/1/17,-71.0855833,42.3458439
34,ST GERMAIN ST,BOSTON,02115_,1401685,1/1/17,-71.0856414,42.3458445
32,ST GERMAIN ST,BOSTON,02115_,1401685,1/1/17,-71.0856994,42.3458822
30,ST GERMAIN ST,BOSTON,02115_,1401685,1/1/17,-71.0857806,42.3459054
28,ST GERMAIN ST,BOSTON,02115_,1401685,1/1/17,-71.0858619,42.34591
26,ST GERMAIN ST,BOSTON,02115_,1401685,1/1/17,-71.0859199,42.3459291
24,ST GERMAIN ST,BOSTON,02115_,1401685,1/1/17,-71.0860128,42.3459078
22,ST GERMAIN ST,BOSTON,02115_,1401685,1/1/17,-71.0860719,42.3459352
20,ST GERMAIN ST,BOSTON,02115_,1401685,1/1/17,-71.086152,42.3459316
18,ST GERMAIN ST,BOSTON,02115_,1401685,1/1/17,-71.0862101,42.3459693
16,ST GERMAIN ST,BOSTON,02115_,1401685,1/1/17,-71.0862913,42.3459554
14,ST GERMAIN ST,BOSTON,02115_,"1,401,685.00",1/1/17,-71.0863726,42.3459785
12,ST GERMAIN ST,BOSTON,02115_,"1,401,685.00",1/1/17,-71.0864306,42.3459791
10,ST GERMAIN ST,BOSTON,02115_,"1,401,685.00",1/1/17,-71.0865118,42.3460023
8,ST GERMAIN ST,BOSTON,02115_,"1,339,541.00",1/1/17,-71.0865815,42.3460141
161,ST BOTOLPH ST,BOSTON,2115,2823100,1/1/18,-71.0828646,42.3434138
169,ST BOTOLPH ST,BOSTON,2115,2461500,1/1/18,-71.0829458,42.3433813
171,ST BOTOLPH ST,BOSTON,2115,1717000,1/1/18,-71.0829923,42.3433149
173,ST BOTOLPH ST,BOSTON,2115,1956000,1/1/18,-71.0830735,42.3432823
175,ST BOTOLPH ST,BOSTON,2115,0,1/1/18,-71.0831264,42.3432823
175,ST BOTOLPH ST,BOSTON,2115,865300,1/1/18,-71.0831264,42.3432823
177,ST BOTOLPH ST,BOSTON,2115,2549000,1/1/18,-71.0831315,42.3432644
179,ST BOTOLPH ST,BOSTON,2115,2149500,1/1/18,-71.0832244,42.3431688
181,ST BOTOLPH ST,BOSTON,2115,0,1/1/18,-71.0832244,42.3430947
181,ST BOTOLPH ST,BOSTON,2115,694200,1/1/18,-71.0832244,42.3430947
183,ST BOTOLPH ST,BOSTON,2115,1935500,1/1/18,-71.0832326,42.3430546
185,ST BOTOLPH ST,BOSTON,2115,2677500,1/1/18,-71.0833966,42.3431416
187,ST BOTOLPH ST,BOSTON,2115,2363000,1/1/18,-71.0833637,42.3429698
189,ST BOTOLPH ST,BOSTON,2115,2621500,1/1/18,-71.0834565,42.3429486
191,ST BOTOLPH ST,BOSTON,2115,0,1/1/18,-71.0835029,42.3428822
191,ST BOTOLPH ST,BOSTON,2115,766600,1/1/18,-71.0835029,42.3428822
193,ST BOTOLPH ST,BOSTON,2115,0,1/1/18,-71.0835732,42.3428601
193,ST BOTOLPH ST,BOSTON,2115,1101300,1/1/18,-71.0835732,42.3428601
195,ST BOTOLPH ST,BOSTON,2115,0,1/1/18,-71.0835474,42.3427803
195,ST BOTOLPH ST,BOSTON,2115,876100,1/1/18,-71.0835474,42.3427803
197,ST BOTOLPH ST,BOSTON,2115,0,1/1/18,-71.083677,42.3427726
197,ST BOTOLPH ST,BOSTON,2115,993700,1/1/18,-71.083677,42.3427726
199,ST BOTOLPH ST,BOSTON,2115,3911200,1/1/18,-71.083772,42.342762
15,ST GERMAIN ST,BOSTON,2115,1315600,1/1/18,-71.0863842,42.3457113
17,ST GERMAIN ST,BOSTON,2115,1260382,1/1/18,-71.0862913,42.3456955
19,ST GERMAIN ST,BOSTON,2115,1260382,1/1/18,-71.0860128,42.3456479
21,ST GERMAIN ST,BOSTON,2115,1260382,1/1/18,-71.0861408,42.3456682
23,ST GERMAIN ST,BOSTON,2115,1260382,1/1/18,-71.0860662,42.3456575
25,ST GERMAIN ST,BOSTON,2115,1260382,1/1/18,-71.0859931,42.3456474
27,ST GERMAIN ST,BOSTON,2115,1303500,1/1/18,-71.0859199,42.3456321
29,ST GERMAIN ST,BOSTON,2115,1416237,1/1/18,-71.0858271,42.3456534
31,ST GERMAIN ST,BOSTON,2115,1416237,1/1/18,-71.085769,42.3456156
33,ST GERMAIN ST,BOSTON,2115,1416237,1/1/18,-71.0856878,42.3455925
35,ST GERMAIN ST,BOSTON,2115,1416237,1/1/18,-71.0855949,42.3455767
37,ST GERMAIN ST,BOSTON,2115,1416237,1/1/18,-71.0855021,42.345598
39,ST GERMAIN ST,BOSTON,2115,1416237,1/1/18,-71.0854441,42.3455602
41,ST GERMAIN ST,BOSTON,2115,1416237,1/1/18,-71.0853628,42.3455371
43,ST GERMAIN ST,BOSTON,2115,1260382,1/1/18,-71.08527,42.3455584
45,ST GERMAIN ST,BOSTON,2115,1260382,1/1/18,-71.0852119,42.3455392
47,ST GERMAIN ST,BOSTON,2115,1260382,1/1/18,-71.0850843,42.3455267
49,ST GERMAIN ST,BOSTON,2115,1411900,1/1/18,-71.0850109,42.3455061
51,ST GERMAIN ST,BOSTON,2115,1260382,1/1/18,-71.0849914,42.3455108
53,ST GERMAIN ST,BOSTON,2115,1260382,1/1/18,-71.0849102,42.3454877
55,ST GERMAIN ST,BOSTON,2115,1260382,1/1/18,-71.0848405,42.3454758
57,ST GERMAIN ST,BOSTON,2115,1260382,1/1/18,-71.0847593,42.3454712
59,ST GERMAIN ST,BOSTON,2115,1260382,1/1/18,-71.0846262,42.3454683
61,ST GERMAIN ST,BOSTON,2115,1260382,1/1/18,-71.0845916,42.3455108
63,ST GERMAIN ST,BOSTON,2115,1260382,1/1/18,-71.0845388,42.3454429
65,ST GERMAIN ST,BOSTON,2115,1260382,1/1/18,-71.0844807,42.3454237
67,ST GERMAIN ST,BOSTON,2115,4092853,1/1/18,-71.0842718,42.3453695
60,ST GERMAIN ST,BOSTON,2115,1694063,1/1/18,-71.0847361,42.3457457
58,ST GERMAIN ST,BOSTON,2115,1687286,1/1/18,-71.0847379,42.3457395
56,ST GERMAIN ST,BOSTON,2115,1368803,1/1/18,-71.0848521,42.3457098
54,ST GERMAIN ST,BOSTON,2115,1375579,1/1/18,-71.0849102,42.3457476
52,ST GERMAIN ST,BOSTON,2115,1207500,1/1/18,-71.0849914,42.3457336
50,ST GERMAIN ST,BOSTON,2115,1169800,1/1/18,-71.0850495,42.3457714
48,ST GERMAIN ST,BOSTON,2115,1375579,1/1/18,-71.0851307,42.3457945
46,ST GERMAIN ST,BOSTON,2115,1296100,1/1/18,-71.0852119,42.3457991
44,ST GERMAIN ST,BOSTON,2115,1375579,1/1/18,-71.08527,42.3458183
42,ST GERMAIN ST,BOSTON,2115,1375579,1/1/18,-71.0853512,42.3458228
40,ST GERMAIN ST,BOSTON,2115,1375579,1/1/18,-71.0854092,42.345842
38,ST GERMAIN ST,BOSTON,2115,1375579,1/1/18,-71.0855021,42.3458207
36,ST GERMAIN ST,BOSTON,2115,1375579,1/1/18,-71.0855833,42.3458439
34,ST GERMAIN ST,BOSTON,2115,1375579,1/1/18,-71.0856414,42.3458445
32,ST GERMAIN ST,BOSTON,2115,1375579,1/1/18,-71.0856994,42.3458822
30,ST GERMAIN ST,BOSTON,2115,1375579,1/1/18,-71.0857806,42.3459054
28,ST GERMAIN ST,BOSTON,2115,1375579,1/1/18,-71.0858619,42.34591
26,ST GERMAIN ST,BOSTON,2115,1375579,1/1/18,-71.0859199,42.3459291
24,ST GERMAIN ST,BOSTON,2115,1375579,1/1/18,-71.0860128,42.3459078
22,ST GERMAIN ST,BOSTON,2115,1375579,1/1/18,-71.0860719,42.3459352
20,ST GERMAIN ST,BOSTON,2115,1375579,1/1/18,-71.086152,42.3459316
18,ST GERMAIN ST,BOSTON,2115,1375579,1/1/18,-71.0862101,42.3459693
16,ST GERMAIN ST,BOSTON,2115,1375579,1/1/18,-71.0862913,42.3459554
14,ST GERMAIN ST,BOSTON,2115,1375579,1/1/18,-71.0863726,42.3459785
12,ST GERMAIN ST,BOSTON,2115,1375579,1/1/18,-71.0864306,42.3459791
10,ST GERMAIN ST,BOSTON,2115,1375579,1/1/18,-71.0865118,42.3460023
8,ST GERMAIN ST,BOSTON,"2,115.00","1,314,593.00",1/1/18,-71.0865815,42.3460141
161,ST BOTOLPH ST,BOSTON,2115,2906900,1/1/19,-71.0828646,42.3434138
169,ST BOTOLPH ST,BOSTON,2115,2577000,1/1/19,-71.0829458,42.3433813
171,ST BOTOLPH ST,BOSTON,2115,1756500,1/1/19,-71.0829923,42.3433149
173,ST BOTOLPH ST,BOSTON,2115,2046000,1/1/19,-71.0830735,42.3432823
175,ST BOTOLPH ST,BOSTON,2115,0,1/1/19,-71.0831264,42.3432823
175,ST BOTOLPH ST,BOSTON,2115,917100,1/1/19,-71.0831264,42.3432823
177,ST BOTOLPH ST,BOSTON,2115,2664000,1/1/19,-71.0831315,42.3432644
179,ST BOTOLPH ST,BOSTON,2115,2251000,1/1/19,-71.0832244,42.3431688
181,ST BOTOLPH ST,BOSTON,2115,0,1/1/19,-71.0832244,42.3430947
181,ST BOTOLPH ST,BOSTON,2115,735800,1/1/19,-71.0832244,42.3430947
183,ST BOTOLPH ST,BOSTON,2115,2025000,1/1/19,-71.0832326,42.3430546
185,ST BOTOLPH ST,BOSTON,2115,2803500,1/1/19,-71.0833966,42.3431416
187,ST BOTOLPH ST,BOSTON,2115,2475500,1/1/19,-71.0833637,42.3429698
189,ST BOTOLPH ST,BOSTON,2115,2752000,1/1/19,-71.0834565,42.3429486
191,ST BOTOLPH ST,BOSTON,2115,0,1/1/19,-71.0835029,42.3428822
191,ST BOTOLPH ST,BOSTON,2115,969100,1/1/19,-71.0835029,42.3428822
193,ST BOTOLPH ST,BOSTON,2115,0,1/1/19,-71.0835732,42.3428601
193,ST BOTOLPH ST,BOSTON,2115,1217500,1/1/19,-71.0835732,42.3428601
195,ST BOTOLPH ST,BOSTON,2115,928600,1/1/19,-71.0835474,42.3427803
197,ST BOTOLPH ST,BOSTON,2115,1053200,1/1/19,-71.083677,42.3427726
199,ST BOTOLPH ST,BOSTON,2115,4027300,1/1/19,-71.083772,42.342762
15,ST GERMAIN ST,BOSTON,2115,1405900,1/1/19,-71.0863842,42.3457113
17,ST GERMAIN ST,BOSTON,2115,1329386,1/1/19,-71.0862913,42.3456955
19,ST GERMAIN ST,BOSTON,2115,1329386,1/1/19,-71.0860128,42.3456479
21,ST GERMAIN ST,BOSTON,2115,1329386,1/1/19,-71.0861408,42.3456682
23,ST GERMAIN ST,BOSTON,2115,1329386,1/1/19,-71.0860662,42.3456575
25,ST GERMAIN ST,BOSTON,2115,1329386,1/1/19,-71.0859931,42.3456474
27,ST GERMAIN ST,BOSTON,2115,1342500,1/1/19,-71.0859199,42.3456321
29,ST GERMAIN ST,BOSTON,2115,1493773,1/1/19,-71.0858271,42.3456534
31,ST GERMAIN ST,BOSTON,2115,1493773,1/1/19,-71.085769,42.3456156
33,ST GERMAIN ST,BOSTON,2115,1493773,1/1/19,-71.0856878,42.3455925
35,ST GERMAIN ST,BOSTON,2115,1493773,1/1/19,-71.0855949,42.3455767
37,ST GERMAIN ST,BOSTON,2115,1493773,1/1/19,-71.0855021,42.345598
39,ST GERMAIN ST,BOSTON,2115,1493773,1/1/19,-71.0854441,42.3455602
41,ST GERMAIN ST,BOSTON,2115,1493773,1/1/19,-71.0853628,42.3455371
43,ST GERMAIN ST,BOSTON,2115,1329386,1/1/19,-71.08527,42.3455584
45,ST GERMAIN ST,BOSTON,2115,1329386,1/1/19,-71.0852119,42.3455392
47,ST GERMAIN ST,BOSTON,2115,1329386,1/1/19,-71.0850843,42.3455267
49,ST GERMAIN ST,BOSTON,2115,1508900,1/1/19,-71.0850109,42.3455061
51,ST GERMAIN ST,BOSTON,2115,1329386,1/1/19,-71.0849914,42.3455108
53,ST GERMAIN ST,BOSTON,2115,1329386,1/1/19,-71.0849102,42.3454877
55,ST GERMAIN ST,BOSTON,2115,1329386,1/1/19,-71.0848405,42.3454758
57,ST GERMAIN ST,BOSTON,2115,1329386,1/1/19,-71.0847593,42.3454712
59,ST GERMAIN ST,BOSTON,2115,1329386,1/1/19,-71.0846262,42.3454683
61,ST GERMAIN ST,BOSTON,2115,1329386,1/1/19,-71.0845916,42.3455108
63,ST GERMAIN ST,BOSTON,2115,1329386,1/1/19,-71.0845388,42.3454429
65,ST GERMAIN ST,BOSTON,2115,1329386,1/1/19,-71.0844807,42.3454237
67,ST GERMAIN ST,BOSTON,"2,115.00","4,316,937.00",1/1/19,-71.0842718,42.3453695
60,ST GERMAIN ST,BOSTON,"2,115.00","1,786,811.00",1/1/19,-71.0847361,42.3457457
58,ST GERMAIN ST,BOSTON,"2,115.00","1,779,663.00",1/1/19,-71.0847379,42.3457395
56,ST GERMAIN ST,BOSTON,"2,115.00","1,443,743.00",1/1/19,-71.0848521,42.3457098
54,ST GERMAIN ST,BOSTON,"2,115.00","1,450,889.00",1/1/19,-71.0849102,42.3457476
52,ST GERMAIN ST,BOSTON,"2,115.00","1,243,500.00",1/1/19,-71.0849914,42.3457336
50,ST GERMAIN ST,BOSTON,"2,115.00","1,226,500.00",1/1/19,-71.0850495,42.3457714
48,ST GERMAIN ST,BOSTON,"2,115.00","1,450,889.00",1/1/19,-71.0851307,42.3457945
46,ST GERMAIN ST,BOSTON,"2,115.00","1,352,700.00",1/1/19,-71.0852119,42.3457991
44,ST GERMAIN ST,BOSTON,"2,115.00","1,450,889.00",1/1/19,-71.08527,42.3458183
42,ST GERMAIN ST,BOSTON,"2,115.00","1,450,889.00",1/1/19,-71.0853512,42.3458228
40,ST GERMAIN ST,BOSTON,"2,115.00","1,450,889.00",1/1/19,-71.0854092,42.345842
38,ST GERMAIN ST,BOSTON,"2,115.00","1,450,889.00",1/1/19,-71.0855021,42.3458207
36,ST GERMAIN ST,BOSTON,"2,115.00","1,450,889.00",1/1/19,-71.0855833,42.3458439
34,ST GERMAIN ST,BOSTON,"2,115.00","1,450,889.00",1/1/19,-71.0856414,42.3458445
32,ST GERMAIN ST,BOSTON,"2,115.00","1,450,889.00",1/1/19,-71.0856994,42.3458822
30,ST GERMAIN ST,BOSTON,"2,115.00","1,450,889.00",1/1/19,-71.0857806,42.3459054
28,ST GERMAIN ST,BOSTON,"2,115.00","1,450,889.00",1/1/19,-71.0858619,42.34591
26,ST GERMAIN ST,BOSTON,"2,115.00","1,450,889.00",1/1/19,-71.0859199,42.3459291
24,ST GERMAIN ST,BOSTON,"2,115.00","1,450,889.00",1/1/19,-71.0860128,42.3459078
22,ST GERMAIN ST,BOSTON,"2,115.00","1,450,889.00",1/1/19,-71.0860719,42.3459352
20,ST GERMAIN ST,BOSTON,"2,115.00","1,450,889.00",1/1/19,-71.086152,42.3459316
18,ST GERMAIN ST,BOSTON,"2,115.00","1,450,889.00",1/1/19,-71.0862101,42.3459693
16,ST GERMAIN ST,BOSTON,"2,115.00","1,450,889.00",1/1/19,-71.0862913,42.3459554
14,ST GERMAIN ST,BOSTON,"2,115.00","1,450,889.00",1/1/19,-71.0863726,42.3459785
12,ST GERMAIN ST,BOSTON,"2,115.00","1,450,889.00",1/1/19,-71.0864306,42.3459791
10,ST GERMAIN ST,BOSTON,"2,115.00","1,450,889.00",1/1/19,-71.0865118,42.3460023
8,ST GERMAIN ST,BOSTON,"2,115.00","1,386,564.00",1/1/19,-71.0865815,42.3460141
15,ST GERMAIN ST,BOSTON,2115,"791,100.00",1/1/11,-71.0863842,42.3457113
17,ST GERMAIN ST,BOSTON,2115,"688,414.00",1/1/11,-71.0862913,42.3456955
19,ST GERMAIN ST,BOSTON,2115,"688,414.00",1/1/11,-71.0860128,42.3456479
21,ST GERMAIN ST,BOSTON,2115,"688,414.00",1/1/11,-71.0861408,42.3456682
23,ST GERMAIN ST,BOSTON,2115,"688,414.00",1/1/11,-71.0860662,42.3456575
25,ST GERMAIN ST,BOSTON,2115,"688,414.00",1/1/11,-71.0859931,42.3456474
27,ST GERMAIN ST,BOSTON,2115,"772,500.00",1/1/11,-71.0859199,42.3456321
29,ST GERMAIN ST,BOSTON,2115,"773,540.00",1/1/11,-71.0858271,42.3456534
31,ST GERMAIN ST,BOSTON,2115,"773,540.00",1/1/11,-71.085769,42.3456156
33,ST GERMAIN ST,BOSTON,2115,"773,540.00",1/1/11,-71.0856878,42.3455925
35,ST GERMAIN ST,BOSTON,2115,"773,540.00",1/1/11,-71.0855949,42.3455767
37,ST GERMAIN ST,BOSTON,2115,"773,540.00",1/1/11,-71.0855021,42.345598
39,ST GERMAIN ST,BOSTON,2115,"773,540.00",1/1/11,-71.0854441,42.3455602
41,ST GERMAIN ST,BOSTON,2115,"773,540.00",1/1/11,-71.0853628,42.3455371
43,ST GERMAIN ST,BOSTON,2115,"688,414.00",1/1/11,-71.08527,42.3455584
45,ST GERMAIN ST,BOSTON,2115,"688,414.00",1/1/11,-71.0852119,42.3455392
47,ST GERMAIN ST,BOSTON,2115,"688,414.00",1/1/11,-71.0850843,42.3455267
49,ST GERMAIN ST,BOSTON,2115,"632,900.00",1/1/11,-71.0850109,42.3455061
51,ST GERMAIN ST,BOSTON,2115,"688,414.00",1/1/11,-71.0849914,42.3455108
53,ST GERMAIN ST,BOSTON,2115,"688,414.00",1/1/11,-71.0849102,42.3454877
55,ST GERMAIN ST,BOSTON,2115,"688,414.00",1/1/11,-71.0848405,42.3454758
57,ST GERMAIN ST,BOSTON,2115,"688,414.00",1/1/11,-71.0847593,42.3454712
59,ST GERMAIN ST,BOSTON,2115,"688,414.00",1/1/11,-71.0846262,42.3454683
61,ST GERMAIN ST,BOSTON,2115,"688,414.00",1/1/11,-71.0845916,42.3455108
63,ST GERMAIN ST,BOSTON,2115,"688,414.00",1/1/11,-71.0845388,42.3454429
65,ST GERMAIN ST,BOSTON,2115,"688,414.00",1/1/11,-71.0844807,42.3454237
67,ST GERMAIN ST,BOSTON,2115,"2,235,493.00",1/1/11,-71.0842718,42.3453695
60,ST GERMAIN ST,BOSTON,2115,"925,288.00",1/1/11,-71.0847361,42.3457457
58,ST GERMAIN ST,BOSTON,2115,"921,587.00",1/1/11,-71.0847379,42.3457395
56,ST GERMAIN ST,BOSTON,2115,"747,633.00",1/1/11,-71.0848521,42.3457098
54,ST GERMAIN ST,BOSTON,2115,"751,333.00",1/1/11,-71.0849102,42.3457476
52,ST GERMAIN ST,BOSTON,2115,"801,500.00",1/1/11,-71.0849914,42.3457336
50,ST GERMAIN ST,BOSTON,2115,"651,500.00",1/1/11,-71.0850495,42.3457714
48,ST GERMAIN ST,BOSTON,2115,"751,333.00",1/1/11,-71.0851307,42.3457945
46,ST GERMAIN ST,BOSTON,2115,"720,900.00",1/1/11,-71.0852119,42.3457991
44,ST GERMAIN ST,BOSTON,2115,"751,333.00",1/1/11,-71.08527,42.3458183
42,ST GERMAIN ST,BOSTON,2115,"751,333.00",1/1/11,-71.0853512,42.3458228
40,ST GERMAIN ST,BOSTON,2115,"751,333.00",1/1/11,-71.0854092,42.345842
38,ST GERMAIN ST,BOSTON,2115,"751,333.00",1/1/11,-71.0855021,42.3458207
36,ST GERMAIN ST,BOSTON,2115,"751,333.00",1/1/11,-71.0855833,42.3458439
34,ST GERMAIN ST,BOSTON,2115,"751,333.00",1/1/11,-71.0856414,42.3458445
32,ST GERMAIN ST,BOSTON,2115,"751,333.00",1/1/11,-71.0856994,42.3458822
30,ST GERMAIN ST,BOSTON,2115,"751,333.00",1/1/11,-71.0857806,42.3459054
28,ST GERMAIN ST,BOSTON,2115,"751,333.00",1/1/11,-71.0858619,42.34591
26,ST GERMAIN ST,BOSTON,2115,"751,333.00",1/1/11,-71.0859199,42.3459291
24,ST GERMAIN ST,BOSTON,2115,"751,333.00",1/1/11,-71.0860128,42.3459078
22,ST GERMAIN ST,BOSTON,2115,"751,333.00",1/1/11,-71.0860719,42.3459352
20,ST GERMAIN ST,BOSTON,2115,"751,333.00",1/1/11,-71.086152,42.3459316
18,ST GERMAIN ST,BOSTON,2115,"751,333.00",1/1/11,-71.0862101,42.3459693
16,ST GERMAIN ST,BOSTON,2115,"751,333.00",1/1/11,-71.0862913,42.3459554
14,ST GERMAIN ST,BOSTON,2115,"751,333.00",1/1/11,-71.0863726,42.3459785
12,ST GERMAIN ST,BOSTON,2115,"751,333.00",1/1/11,-71.0864306,42.3459791
10,ST GERMAIN ST,BOSTON,2115,"751,333.00",1/1/11,-71.0865118,42.3460023
8,ST GERMAIN ST,BOSTON,2115,"718,023.00",1/1/11,-71.0865815,42.3460141
161,ST BOTOLPH ST,BOSTON,2115,"1,507,000.00",1/1/11,-71.0828646,42.3434138
169,ST BOTOLPH ST,BOSTON,2115,"1,257,000.00",1/1/11,-71.0829458,42.3433813
171,ST BOTOLPH ST,BOSTON,2115,"839,000.00",1/1/11,-71.0829923,42.3433149
173,ST BOTOLPH ST,BOSTON,2115,"948,500.00",1/1/11,-71.0830735,42.3432823
175,ST BOTOLPH ST,BOSTON,2115,"714,500.00",1/1/11,-71.0831264,42.3432823
177,ST BOTOLPH ST,BOSTON,2115,"1,257,000.00",1/1/11,-71.0831315,42.3432644
179,ST BOTOLPH ST,BOSTON,2115,"1,068,000.00",1/1/11,-71.0832244,42.3431688
181,ST BOTOLPH ST,BOSTON,2115,"491,800.00",1/1/11,-71.0832244,42.3430947
183,ST BOTOLPH ST,BOSTON,2115,"1,139,000.00",1/1/11,-71.0832326,42.3430546
185,ST BOTOLPH ST,BOSTON,2115,"1,371,500.00",1/1/11,-71.0833966,42.3431416
187,ST BOTOLPH ST,BOSTON,2115,"1,233,500.00",1/1/11,-71.0833637,42.3429698
189,ST BOTOLPH ST,BOSTON,2115,"1,745,500.00",1/1/11,-71.0834565,42.3429486
191,ST BOTOLPH ST,BOSTON,2115,"601,400.00",1/1/11,-71.0835029,42.3428822
193,ST BOTOLPH ST,BOSTON,2115,"695,600.00",1/1/11,-71.0835732,42.3428601
195,ST BOTOLPH ST,BOSTON,2115,"588,700.00",1/1/11,-71.0835474,42.3427803
197,ST BOTOLPH ST,BOSTON,2115,"692,100.00",1/1/11,-71.083677,42.3427726
199,ST BOTOLPH ST,BOSTON,2115,"2,249,885.00",1/1/11,-71.083772,42.342762