ST_NUM,ST_NAME,CITY,ZIP_CODE,TOTAL_VALUE,Year,long,lat
15.0,ST GERMAIN ST,BOSTON,2115,"1,694,800.00",1/1/2024,-71.0863842,42.3457113
17.0,ST GERMAIN ST,BOSTON,2115,"1,257,214.00",1/1/2024,-71.0862913,42.34569550000001
19.0,ST GERMAIN ST,BOSTON,2115,"1,257,214.00",1/1/2024,-71.08601279999999,42.3456479
21.0,ST GERMAIN ST,BOSTON,2115,"1,257,214.00",1/1/2024,-71.0861408,42.3456682
23.0,ST GERMAIN ST,BOSTON,2115,"1,257,214.00",1/1/2024,-71.08606619999999,42.3456575
25.0,ST GERMAIN ST,BOSTON,2115,"1,257,214.00",1/1/2024,-71.0859931,42.3456474
27.0,ST GERMAIN ST,BOSTON,2115,"1,512,200.00",1/1/2024,-71.0859199,42.3456321
29.0,ST GERMAIN ST,BOSTON,2115,"1,413,794.00",1/1/2024,-71.0858271,42.3456534
31.0,ST GERMAIN ST,BOSTON,2115,"1,413,794.00",1/1/2024,-71.085769,42.3456156
33.0,ST GERMAIN ST,BOSTON,2115,"1,413,794.00",1/1/2024,-71.0856878,42.3455925
35.0,ST GERMAIN ST,BOSTON,2115,"1,413,794.00",1/1/2024,-71.0855949,42.3455767
37.0,ST GERMAIN ST,BOSTON,2115,"1,414,938.00",1/1/2024,-71.0855021,42.345598
39.0,ST GERMAIN ST,BOSTON,2115,"1,413,794.00",1/1/2024,-71.0854441,42.3455602
41.0,ST GERMAIN ST,BOSTON,2115,"1,413,794.00",1/1/2024,-71.0853628,42.3455371
43.0,ST GERMAIN ST,BOSTON,2115,"1,257,214.00",1/1/2024,-71.08527,42.3455584
45.0,ST GERMAIN ST,BOSTON,2115,"1,257,214.00",1/1/2024,-71.08521189999999,42.3455392
47.0,ST GERMAIN ST,BOSTON,2115,"1,257,214.00",1/1/2024,-71.08508429999999,42.3455267
49.0,ST GERMAIN ST,BOSTON,2115,"1,734,800.00",1/1/2024,-71.0850109,42.3455061
51.0,ST GERMAIN ST,BOSTON,2115,"1,257,214.00",1/1/2024,-71.08499139999999,42.3455108
53.0,ST GERMAIN ST,BOSTON,2115,"1,257,214.00",1/1/2024,-71.0849102,42.3454877
55.0,ST GERMAIN ST,BOSTON,2115,"1,257,214.00",1/1/2024,-71.0848405,42.3454758
57.0,ST GERMAIN ST,BOSTON,2115,"1,257,214.00",1/1/2024,-71.0847593,42.3454712
59.0,ST GERMAIN ST,BOSTON,2115,"1,257,214.00",1/1/2024,-71.0846262,42.3454683
61.0,ST GERMAIN ST,BOSTON,2115,"1,257,214.00",1/1/2024,-71.0845916,42.3455108
63.0,ST GERMAIN ST,BOSTON,2115,"1,257,214.00",1/1/2024,-71.08453879999999,42.34544289999999
65.0,ST GERMAIN ST,BOSTON,2115,"1,257,214.00",1/1/2024,-71.0844807,42.3454237
67.0,ST GERMAIN ST,BOSTON,2115,"4,082,517.00",1/1/2024,-71.0842718,42.3453695
60.0,ST GERMAIN ST,BOSTON,2115,"1,690,381.00",1/1/2024,-71.0847361,42.34574569999999
58.0,ST GERMAIN ST,BOSTON,2115,"1,685,808.00",1/1/2024,-71.0847379,42.3457395
56.0,ST GERMAIN ST,BOSTON,2115,"1,362,362.00",1/1/2024,-71.08485209999999,42.3457098
54.0,ST GERMAIN ST,BOSTON,2115,"1,374,934.00",1/1/2024,-71.0849102,42.3457476
52.0,ST GERMAIN ST,BOSTON,2115,"1,401,000.00",1/1/2024,-71.08499139999999,42.3457336
50.0,ST GERMAIN ST,BOSTON,2115,"1,533,000.00",1/1/2024,-71.0850495,42.3457714
48.0,ST GERMAIN ST,BOSTON,2115,"1,371,506.00",1/1/2024,-71.0851307,42.3457945
46.0,ST GERMAIN ST,BOSTON,2115,"1,679,000.00",1/1/2024,-71.08521189999999,42.3457991
44.0,ST GERMAIN ST,BOSTON,2115,"1,371,506.00",1/1/2024,-71.08527,42.3458183
42.0,ST GERMAIN ST,BOSTON,2115,"1,371,506.00",1/1/2024,-71.08535119999999,42.3458228
40.0,ST GERMAIN ST,BOSTON,2115,"1,371,506.00",1/1/2024,-71.0854092,42.345842
38.0,ST GERMAIN ST,BOSTON,2115,"1,371,506.00",1/1/2024,-71.0855021,42.3458207
36.0,ST GERMAIN ST,BOSTON,2115,"1,371,506.00",1/1/2024,-71.0855833,42.3458439
34.0,ST GERMAIN ST,BOSTON,2115,"1,371,506.00",1/1/2024,-71.0856414,42.3458445
32.0,ST GERMAIN ST,BOSTON,2115,"1,371,506.00",1/1/2024,-71.0856994,42.3458822
30.0,ST GERMAIN ST,BOSTON,2115,"1,371,506.00",1/1/2024,-71.08578059999999,42.3459054
28.0,ST GERMAIN ST,BOSTON,2115,"1,371,506.00",1/1/2024,-71.0858619,42.34591
26.0,ST GERMAIN ST,BOSTON,2115,"1,371,506.00",1/1/2024,-71.0859199,42.3459291
24.0,ST GERMAIN ST,BOSTON,2115,"1,371,506.00",1/1/2024,-71.08601279999999,42.3459078
22.0,ST GERMAIN ST,BOSTON,2115,"1,371,506.00",1/1/2024,-71.0860719,42.3459352
20.0,ST GERMAIN ST,BOSTON,2115,"1,371,506.00",1/1/2024,-71.086152,42.34593160000001
18.0,ST GERMAIN ST,BOSTON,2115,"1,371,506.00",1/1/2024,-71.0862101,42.3459693
16.0,ST GERMAIN ST,BOSTON,2115,"1,371,506.00",1/1/2024,-71.0862913,42.3459554
14.0,ST GERMAIN ST,BOSTON,2115,"1,371,506.00",1/1/2024,-71.08637259999999,42.3459785
12.0,ST GERMAIN ST,BOSTON,2115,"1,371,506.00",1/1/2024,-71.0864306,42.3459791
10.0,ST GERMAIN ST,BOSTON,2115,"1,371,506.00",1/1/2024,-71.0865118,42.34600229999999
8.0,ST GERMAIN ST,BOSTON,2115,"1,314,360.00",1/1/2024,-71.0865815,42.3460141
161.0,St Botolph ST,BOSTON,2115,"3,635,800.00",1/1/2024,-71.0828646,42.3434138
169.0,St Botolph ST,BOSTON,2115,"2,699,100.00",1/1/2024,-71.08294579999999,42.3433813
171.0,St Botolph ST,BOSTON,2115,"1,856,600.00",1/1/2024,-71.0829923,42.3433149
173.0,St Botolph ST,BOSTON,2115,"2,161,800.00",1/1/2024,-71.0830735,42.3432823
175.0,St Botolph ST,BOSTON,2115,"848,800.00",1/1/2024,-71.0831264,42.3432823
177.0,St Botolph ST,BOSTON,2115,"2,788,900.00",1/1/2024,-71.0831315,42.3432644
179.0,St Botolph ST,BOSTON,2115,"2,402,500.00",1/1/2024,-71.08322439999999,42.3431688
181.0,St Botolph ST,BOSTON,2115,"564,000.00",1/1/2024,-71.08322439999999,42.34309469999999
183.0,St Botolph ST,BOSTON,2115,"2,139,400.00",1/1/2024,-71.0832326,42.34305459999999
185.0,St Botolph ST,BOSTON,2115,"2,936,300.00",1/1/2024,-71.0833966,42.3431416
187.0,St Botolph ST,BOSTON,2115,"2,672,000.00",1/1/2024,-71.08336369999999,42.3429698
189.0,St Botolph ST,BOSTON,2115,"2,883,300.00",1/1/2024,-71.0834565,42.3429486
191.0,St Botolph ST,BOSTON,2115,"952,100.00",1/1/2024,-71.0835029,42.3428822
193.0,St Botolph ST,BOSTON,2115,"918,100.00",1/1/2024,-71.0835732,42.3428601
195.0,St Botolph ST,BOSTON,2115,"665,100.00",1/1/2024,-71.0835474,42.3427803
195.0,St Botolph ST,BOSTON,2115,"896,500.00",1/1/2024,-71.0835474,42.3427803
199.0,St Botolph ST,BOSTON,2115,"4,990,200.00",1/1/2024,-71.083772,42.342762
15.0,ST GERMAIN ST,BOSTON,2115,"791,100.00",1/1/2010,-71.0863842,42.3457113
17.0,ST GERMAIN ST,BOSTON,2115,"688,414.00",1/1/2010,-71.0862913,42.34569550000001
19.0,ST GERMAIN ST,BOSTON,2115,"688,414.00",1/1/2010,-71.08601279999999,42.3456479
21.0,ST GERMAIN ST,BOSTON,2115,"688,414.00",1/1/2010,-71.0861408,42.3456682
23.0,ST GERMAIN ST,BOSTON,2115,"688,414.00",1/1/2010,-71.08606619999999,42.3456575
25.0,ST GERMAIN ST,BOSTON,2115,"688,414.00",1/1/2010,-71.0859931,42.3456474
27.0,ST GERMAIN ST,BOSTON,2115,"772,500.00",1/1/2010,-71.0859199,42.3456321
29.0,ST GERMAIN ST,BOSTON,2115,"773,540.00",1/1/2010,-71.0858271,42.3456534
31.0,ST GERMAIN ST,BOSTON,2115,"773,540.00",1/1/2010,-71.085769,42.3456156
33.0,ST GERMAIN ST,BOSTON,2115,"773,540.00",1/1/2010,-71.0856878,42.3455925
35.0,ST GERMAIN ST,BOSTON,2115,"773,540.00",1/1/2010,-71.0855949,42.3455767
37.0,ST GERMAIN ST,BOSTON,2115,"773,540.00",1/1/2010,-71.0855021,42.345598
39.0,ST GERMAIN ST,BOSTON,2115,"773,540.00",1/1/2010,-71.0854441,42.3455602
41.0,ST GERMAIN ST,BOSTON,2115,"773,540.00",1/1/2010,-71.0853628,42.3455371
43.0,ST GERMAIN ST,BOSTON,2115,"688,414.00",1/1/2010,-71.08527,42.3455584
45.0,ST GERMAIN ST,BOSTON,2115,"688,414.00",1/1/2010,-71.08521189999999,42.3455392
47.0,ST GERMAIN ST,BOSTON,2115,"688,414.00",1/1/2010,-71.08508429999999,42.3455267
49.0,ST GERMAIN ST,BOSTON,2115,"632,900.00",1/1/2010,-71.0850109,42.3455061
51.0,ST GERMAIN ST,BOSTON,2115,"688,414.00",1/1/2010,-71.08499139999999,42.3455108
53.0,ST GERMAIN ST,BOSTON,2115,"688,414.00",1/1/2010,-71.0849102,42.3454877
55.0,ST GERMAIN ST,BOSTON,2115,"688,414.00",1/1/2010,-71.0848405,42.3454758
57.0,ST GERMAIN ST,BOSTON,2115,"688,414.00",1/1/2010,-71.0847593,42.3454712
59.0,ST GERMAIN ST,BOSTON,2115,"688,414.00",1/1/2010,-71.0846262,42.3454683
61.0,ST GERMAIN ST,BOSTON,2115,"688,414.00",1/1/2010,-71.0845916,42.3455108
63.0,ST GERMAIN ST,BOSTON,2115,"688,414.00",1/1/2010,-71.08453879999999,42.34544289999999
65.0,ST GERMAIN ST,BOSTON,2115,"688,414.00",1/1/2010,-71.0844807,42.3454237
67.0,ST GERMAIN ST,BOSTON,2115,"2,235,493.00",1/1/2010,-71.0842718,42.3453695
,ST GERMAIN ST,BOSTON,2115,"311,100.00",1/1/2010,-71.0931667,42.3592647
,ST GERMAIN ST,BOSTON,2115,"180,800.00",1/1/2010,-71.0931667,42.3592647
60.0,ST GERMAIN ST,BOSTON,2115,"925,288.00",1/1/2010,-71.0847361,42.34574569999999
58.0,ST GERMAIN ST,BOSTON,2115,"921,587.00",1/1/2010,-71.0847379,42.3457395
56.0,ST GERMAIN ST,BOSTON,2115,"747,633.00",1/1/2010,-71.08485209999999,42.3457098
54.0,ST GERMAIN ST,BOSTON,2115,"751,333.00",1/1/2010,-71.0849102,42.3457476
52.0,ST GERMAIN ST,BOSTON,2115,"801,500.00",1/1/2010,-71.08499139999999,42.3457336
50.0,ST GERMAIN ST,BOSTON,2115,"651,500.00",1/1/2010,-71.0850495,42.3457714
48.0,ST GERMAIN ST,BOSTON,2115,"751,333.00",1/1/2010,-71.0851307,42.3457945
46.0,ST GERMAIN ST,BOSTON,2115,"720,900.00",1/1/2010,-71.08521189999999,42.3457991
44.0,ST GERMAIN ST,BOSTON,2115,"751,333.00",1/1/2010,-71.08527,42.3458183
42.0,ST GERMAIN ST,BOSTON,2115,"751,333.00",1/1/2010,-71.08535119999999,42.3458228
40.0,ST GERMAIN ST,BOSTON,2115,"751,333.00",1/1/2010,-71.0854092,42.345842
38.0,ST GERMAIN ST,BOSTON,2115,"751,333.00",1/1/2010,-71.0855021,42.3458207
36.0,ST GERMAIN ST,BOSTON,2115,"751,333.00",1/1/2010,-71.0855833,42.3458439
34.0,ST GERMAIN ST,BOSTON,2115,"751,333.00",1/1/2010,-71.0856414,42.3458445
32.0,ST GERMAIN ST,BOSTON,2115,"751,333.00",1/1/2010,-71.0856994,42.3458822
30.0,ST GERMAIN ST,BOSTON,2115,"751,333.00",1/1/2010,-71.08578059999999,42.3459054
28.0,ST GERMAIN ST,BOSTON,2115,"751,333.00",1/1/2010,-71.0858619,42.34591
26.0,ST GERMAIN ST,BOSTON,2115,"751,333.00",1/1/2010,-71.0859199,42.3459291
24.0,ST GERMAIN ST,BOSTON,2115,"751,333.00",1/1/2010,-71.08601279999999,42.3459078
22.0,ST GERMAIN ST,BOSTON,2115,"751,333.00",1/1/2010,-71.0860719,42.3459352
20.0,ST GERMAIN ST,BOSTON,2115,"751,333.00",1/1/2010,-71.086152,42.34593160000001
18.0,ST GERMAIN ST,BOSTON,2115,"751,333.00",1/1/2010,-71.0862101,42.3459693
16.0,ST GERMAIN ST,BOSTON,2115,"751,333.00",1/1/2010,-71.0862913,42.3459554
14.0,ST GERMAIN ST,BOSTON,2115,"751,333.00",1/1/2010,-71.08637259999999,42.3459785
12.0,ST GERMAIN ST,BOSTON,2115,"751,333.00",1/1/2010,-71.0864306,42.3459791
10.0,ST GERMAIN ST,BOSTON,2115,"751,333.00",1/1/2010,-71.0865118,42.34600229999999
8.0,ST GERMAIN ST,BOSTON,2115,"718,023.00",1/1/2010,-71.0865815,42.3460141
161.0,ST BOTOLPH ST,BOSTON,2115,"1,507,000.00",1/1/2010,-71.0828646,42.3434138
169.0,ST BOTOLPH ST,BOSTON,2115,"1,257,000.00",1/1/2010,-71.08294579999999,42.3433813
171.0,ST BOTOLPH ST,BOSTON,2115,"839,000.00",1/1/2010,-71.0829923,42.3433149
173.0,ST BOTOLPH ST,BOSTON,2115,"948,500.00",1/1/2010,-71.0830735,42.3432823
175.0,ST BOTOLPH ST,BOSTON,2115,0.00,1/1/2010,-71.0831264,42.3432823
175.0,ST BOTOLPH ST,BOSTON,2115,"545,900.00",1/1/2010,-71.0831264,42.3432823
175.0,ST BOTOLPH ST,BOSTON,2115,"546,200.00",1/1/2010,-71.0831264,42.3432823
175.0,ST BOTOLPH ST,BOSTON,2115,"614,100.00",1/1/2010,-71.0831264,42.3432823
175.0,ST BOTOLPH ST,BOSTON,2115,"714,500.00",1/1/2010,-71.0831264,42.3432823
177.0,ST BOTOLPH ST,BOSTON,2115,"1,257,000.00",1/1/2010,-71.0831315,42.3432644
179.0,ST BOTOLPH ST,BOSTON,2115,"1,068,000.00",1/1/2010,-71.08322439999999,42.3431688
181.0,ST BOTOLPH ST,BOSTON,2115,0.00,1/1/2010,-71.08322439999999,42.34309469999999
181.0,ST BOTOLPH ST,BOSTON,2115,"310,400.00",1/1/2010,-71.08322439999999,42.34309469999999
181.0,ST BOTOLPH ST,BOSTON,2115,"270,100.00",1/1/2010,-71.08322439999999,42.34309469999999
181.0,ST BOTOLPH ST,BOSTON,2115,"335,900.00",1/1/2010,-71.08322439999999,42.34309469999999
181.0,ST BOTOLPH ST,BOSTON,2115,"255,500.00",1/1/2010,-71.08322439999999,42.34309469999999
181.0,ST BOTOLPH ST,BOSTON,2115,"347,400.00",1/1/2010,-71.08322439999999,42.34309469999999
181.0,ST BOTOLPH ST,BOSTON,2115,"491,800.00",1/1/2010,-71.08322439999999,42.34309469999999
183.0,ST BOTOLPH ST,BOSTON,2115,"1,139,000.00",1/1/2010,-71.0832326,42.34305459999999
185.0,ST BOTOLPH ST,BOSTON,2115,"1,371,500.00",1/1/2010,-71.0833966,42.3431416
187.0,ST BOTOLPH ST,BOSTON,2115,"1,233,500.00",1/1/2010,-71.08336369999999,42.3429698
189.0,ST BOTOLPH ST,BOSTON,2115,"1,745,500.00",1/1/2010,-71.0834565,42.3429486
191.0,ST BOTOLPH ST,BOSTON,2115,0.00,1/1/2010,-71.0835029,42.3428822
191.0,ST BOTOLPH ST,BOSTON,2115,"520,600.00",1/1/2010,-71.0835029,42.3428822
191.0,ST BOTOLPH ST,BOSTON,2115,"542,400.00",1/1/2010,-71.0835029,42.3428822
191.0,ST BOTOLPH ST,BOSTON,2115,"601,400.00",1/1/2010,-71.0835029,42.3428822
191.0,ST BOTOLPH ST,BOSTON,2115,"481,500.00",1/1/2010,-71.0835029,42.3428822
193.0,ST BOTOLPH ST,BOSTON,2115,0.00,1/1/2010,-71.0835732,42.3428601
193.0,ST BOTOLPH ST,BOSTON,2115,"516,200.00",1/1/2010,-71.0835732,42.3428601
193.0,ST BOTOLPH ST,BOSTON,2115,"513,500.00",1/1/2010,-71.0835732,42.3428601
193.0,ST BOTOLPH ST,BOSTON,2115,"574,200.00",1/1/2010,-71.0835732,42.3428601
193.0,ST BOTOLPH ST,BOSTON,2115,"606,400.00",1/1/2010,-71.0835732,42.3428601
193.0,ST BOTOLPH ST,BOSTON,2115,"695,600.00",1/1/2010,-71.0835732,42.3428601
195.0,ST BOTOLPH ST,BOSTON,2115,0.00,1/1/2010,-71.0835474,42.3427803
195.0,ST BOTOLPH ST,BOSTON,2115,"411,400.00",1/1/2010,-71.0835474,42.3427803
195.0,ST BOTOLPH ST,BOSTON,2115,"549,100.00",1/1/2010,-71.0835474,42.3427803
195.0,ST BOTOLPH ST,BOSTON,2115,"531,300.00",1/1/2010,-71.0835474,42.3427803
195.0,ST BOTOLPH ST,BOSTON,2115,"491,100.00",1/1/2010,-71.0835474,42.3427803
195.0,ST BOTOLPH ST,BOSTON,2115,"588,700.00",1/1/2010,-71.0835474,42.3427803
197.0,ST BOTOLPH ST,BOSTON,2115,0.00,1/1/2010,-71.083677,42.3427726
197.0,ST BOTOLPH ST,BOSTON,2115,"423,700.00",1/1/2010,-71.083677,42.3427726
197.0,ST BOTOLPH ST,BOSTON,2115,"373,100.00",1/1/2010,-71.083677,42.3427726
197.0,ST BOTOLPH ST,BOSTON,2115,"345,800.00",1/1/2010,-71.083677,42.3427726
197.0,ST BOTOLPH ST,BOSTON,2115,"541,100.00",1/1/2010,-71.083677,42.3427726
197.0,ST BOTOLPH ST,BOSTON,2115,"544,200.00",1/1/2010,-71.083677,42.3427726
197.0,ST BOTOLPH ST,BOSTON,2115,"692,100.00",1/1/2010,-71.083677,42.3427726
199.0,ST BOTOLPH ST,BOSTON,2115,"2,249,885.00",1/1/2010,-71.083772,42.342762
161.0,ST BOTOLPH ST,BOSTON,2115,"1,630,600.00",1/1/2012,-71.0828646,42.3434138
169.0,ST BOTOLPH ST,BOSTON,2115,"1,257,000.00",1/1/2012,-71.08294579999999,42.3433813
171.0,ST BOTOLPH ST,BOSTON,2115,"931,500.00",1/1/2012,-71.0829923,42.3433149
173.0,ST BOTOLPH ST,BOSTON,2115,"948,500.00",1/1/2012,-71.0830735,42.3432823
175.0,ST BOTOLPH ST,BOSTON,2115,0.00,1/1/2012,-71.0831264,42.3432823
177.0,ST BOTOLPH ST,BOSTON,2115,"1,257,000.00",1/1/2012,-71.0831315,42.3432644
179.0,ST BOTOLPH ST,BOSTON,2115,"1,068,000.00",1/1/2012,-71.08322439999999,42.3431688
181.0,ST BOTOLPH ST,BOSTON,2115,0.00,1/1/2012,-71.08322439999999,42.34309469999999
183.0,ST BOTOLPH ST,BOSTON,2115,"1,139,000.00",1/1/2012,-71.0832326,42.34305459999999
185.0,ST BOTOLPH ST,BOSTON,2115,"1,371,500.00",1/1/2012,-71.0833966,42.3431416
187.0,ST BOTOLPH ST,BOSTON,2115,"1,233,500.00",1/1/2012,-71.08336369999999,42.3429698
189.0,ST BOTOLPH ST,BOSTON,2115,"1,841,500.00",1/1/2012,-71.0834565,42.3429486
191.0,ST BOTOLPH ST,BOSTON,2115,0.00,1/1/2012,-71.0835029,42.3428822
193.0,ST BOTOLPH ST,BOSTON,2115,0.00,1/1/2012,-71.0835732,42.3428601
195.0,ST BOTOLPH ST,BOSTON,2115,0.00,1/1/2012,-71.0835474,42.3427803
197.0,ST BOTOLPH ST,BOSTON,2115,0.00,1/1/2012,-71.083677,42.3427726
199.0,ST BOTOLPH ST,BOSTON,2115,"2,434,375.00",1/1/2012,-71.083772,42.342762
15.0,ST GERMAIN ST,BOSTON,2115,"783,100.00",1/1/2012,-71.0863842,42.3457113
17.0,ST GERMAIN ST,BOSTON,2115,"687,363.00",1/1/2012,-71.0862913,42.34569550000001
19.0,ST GERMAIN ST,BOSTON,2115,"687,363.00",1/1/2012,-71.08601279999999,42.3456479
21.0,ST GERMAIN ST,BOSTON,2115,"687,363.00",1/1/2012,-71.0861408,42.3456682
23.0,ST GERMAIN ST,BOSTON,2115,"687,363.00",1/1/2012,-71.08606619999999,42.3456575
25.0,ST GERMAIN ST,BOSTON,2115,"687,363.00",1/1/2012,-71.0859931,42.3456474
27.0,ST GERMAIN ST,BOSTON,2115,"841,000.00",1/1/2012,-71.0859199,42.3456321
29.0,ST GERMAIN ST,BOSTON,2115,"772,359.00",1/1/2012,-71.0858271,42.3456534
31.0,ST GERMAIN ST,BOSTON,2115,"772,359.00",1/1/2012,-71.085769,42.3456156
33.0,ST GERMAIN ST,BOSTON,2115,"772,359.00",1/1/2012,-71.0856878,42.3455925
35.0,ST GERMAIN ST,BOSTON,2115,"772,359.00",1/1/2012,-71.0855949,42.3455767
37.0,ST GERMAIN ST,BOSTON,2115,"772,359.00",1/1/2012,-71.0855021,42.345598
39.0,ST GERMAIN ST,BOSTON,2115,"772,359.00",1/1/2012,-71.0854441,42.3455602
41.0,ST GERMAIN ST,BOSTON,2115,"772,359.00",1/1/2012,-71.0853628,42.3455371
43.0,ST GERMAIN ST,BOSTON,2115,"687,363.00",1/1/2012,-71.08527,42.3455584
45.0,ST GERMAIN ST,BOSTON,2115,"687,363.00",1/1/2012,-71.08521189999999,42.3455392
47.0,ST GERMAIN ST,BOSTON,2115,"687,363.00",1/1/2012,-71.08508429999999,42.3455267
49.0,ST GERMAIN ST,BOSTON,2115,"626,600.00",1/1/2012,-71.0850109,42.3455061
51.0,ST GERMAIN ST,BOSTON,2115,"687,363.00",1/1/2012,-71.08499139999999,42.3455108
53.0,ST GERMAIN ST,BOSTON,2115,"687,363.00",1/1/2012,-71.0849102,42.3454877
55.0,ST GERMAIN ST,BOSTON,2115,"687,363.00",1/1/2012,-71.0848405,42.3454758
57.0,ST GERMAIN ST,BOSTON,2115,"687,363.00",1/1/2012,-71.0847593,42.3454712
59.0,ST GERMAIN ST,BOSTON,2115,"687,363.00",1/1/2012,-71.0846262,42.3454683
61.0,ST GERMAIN ST,BOSTON,2115,"687,363.00",1/1/2012,-71.0845916,42.3455108
63.0,ST GERMAIN ST,BOSTON,2115,"687,363.00",1/1/2012,-71.08453879999999,42.34544289999999
65.0,ST GERMAIN ST,BOSTON,2115,"687,363.00",1/1/2012,-71.0844807,42.3454237
67.0,ST GERMAIN ST,BOSTON,2115,"2,232,081.00",1/1/2012,-71.0842718,42.3453695
60.0,ST GERMAIN ST,BOSTON,2115,"923,875.00",1/1/2012,-71.0847361,42.34574569999999
58.0,ST GERMAIN ST,BOSTON,2115,"920,180.00",1/1/2012,-71.0847379,42.3457395
56.0,ST GERMAIN ST,BOSTON,2115,"746,491.00",1/1/2012,-71.08485209999999,42.3457098
54.0,ST GERMAIN ST,BOSTON,2115,"750,186.00",1/1/2012,-71.0849102,42.3457476
52.0,ST GERMAIN ST,BOSTON,2115,"792,500.00",1/1/2012,-71.08499139999999,42.3457336
50.0,ST GERMAIN ST,BOSTON,2115,"645,000.00",1/1/2012,-71.0850495,42.3457714
48.0,ST GERMAIN ST,BOSTON,2115,"750,186.00",1/1/2012,-71.0851307,42.3457945
46.0,ST GERMAIN ST,BOSTON,2115,"713,600.00",1/1/2012,-71.08521189999999,42.3457991
44.0,ST GERMAIN ST,BOSTON,2115,"750,186.00",1/1/2012,-71.08527,42.3458183
42.0,ST GERMAIN ST,BOSTON,2115,"750,186.00",1/1/2012,-71.08535119999999,42.3458228
40.0,ST GERMAIN ST,BOSTON,2115,"750,186.00",1/1/2012,-71.0854092,42.345842
38.0,ST GERMAIN ST,BOSTON,2115,"750,186.00",1/1/2012,-71.0855021,42.3458207
36.0,ST GERMAIN ST,BOSTON,2115,"750,186.00",1/1/2012,-71.0855833,42.3458439
34.0,ST GERMAIN ST,BOSTON,2115,"750,186.00",1/1/2012,-71.0856414,42.3458445
32.0,ST GERMAIN ST,BOSTON,2115,"750,186.00",1/1/2012,-71.0856994,42.3458822
30.0,ST GERMAIN ST,BOSTON,2115,"750,186.00",1/1/2012,-71.08578059999999,42.3459054
28.0,ST GERMAIN ST,BOSTON,2115,"750,186.00",1/1/2012,-71.0858619,42.34591
26.0,ST GERMAIN ST,BOSTON,2115,"750,186.00",1/1/2012,-71.0859199,42.3459291
24.0,ST GERMAIN ST,BOSTON,2115,"750,186.00",1/1/2012,-71.08601279999999,42.3459078
22.0,ST GERMAIN ST,BOSTON,2115,"750,186.00",1/1/2012,-71.0860719,42.3459352
20.0,ST GERMAIN ST,BOSTON,2115,"750,186.00",1/1/2012,-71.086152,42.34593160000001
18.0,ST GERMAIN ST,BOSTON,2115,"750,186.00",1/1/2012,-71.0862101,42.3459693
16.0,ST GERMAIN ST,BOSTON,2115,"750,186.00",1/1/2012,-71.0862913,42.3459554
14.0,ST GERMAIN ST,BOSTON,2115,"750,186.00",1/1/2012,-71.08637259999999,42.3459785
12.0,ST GERMAIN ST,BOSTON,2115,"750,186.00",1/1/2012,-71.0864306,42.3459791
10.0,ST GERMAIN ST,BOSTON,2115,"750,186.00",1/1/2012,-71.0865118,42.34600229999999
161.0,ST BOTOLPH ST,BOSTON,2115,"1,880,700.00",1/1/2013,-71.0828646,42.3434138
169.0,ST BOTOLPH ST,BOSTON,2115,"1,421,500.00",1/1/2013,-71.08294579999999,42.3433813
171.0,ST BOTOLPH ST,BOSTON,2115,"996,500.00",1/1/2013,-71.0829923,42.3433149
173.0,ST BOTOLPH ST,BOSTON,2115,"1,070,500.00",1/1/2013,-71.0830735,42.3432823
175.0,ST BOTOLPH ST,BOSTON,2115,0.00,1/1/2013,-71.0831264,42.3432823
175.0,ST BOTOLPH ST,BOSTON,2115,"493,800.00",1/1/2013,-71.0831264,42.3432823
175.0,ST BOTOLPH ST,BOSTON,2115,"515,300.00",1/1/2013,-71.0831264,42.3432823
175.0,ST BOTOLPH ST,BOSTON,2115,"582,100.00",1/1/2013,-71.0831264,42.3432823
175.0,ST BOTOLPH ST,BOSTON,2115,"603,100.00",1/1/2013,-71.0831264,42.3432823
177.0,ST BOTOLPH ST,BOSTON,2115,"1,421,500.00",1/1/2013,-71.0831315,42.3432644
179.0,ST BOTOLPH ST,BOSTON,2115,"1,188,500.00",1/1/2013,-71.08322439999999,42.3431688
181.0,ST BOTOLPH ST,BOSTON,2115,0.00,1/1/2013,-71.08322439999999,42.34309469999999
181.0,ST BOTOLPH ST,BOSTON,2115,"332,200.00",1/1/2013,-71.08322439999999,42.34309469999999
181.0,ST BOTOLPH ST,BOSTON,2115,"290,700.00",1/1/2013,-71.08322439999999,42.34309469999999
181.0,ST BOTOLPH ST,BOSTON,2115,"353,500.00",1/1/2013,-71.08322439999999,42.34309469999999
181.0,ST BOTOLPH ST,BOSTON,2115,"274,200.00",1/1/2013,-71.08322439999999,42.34309469999999
181.0,ST BOTOLPH ST,BOSTON,2115,"364,800.00",1/1/2013,-71.08322439999999,42.34309469999999
181.0,ST BOTOLPH ST,BOSTON,2115,"517,000.00",1/1/2013,-71.08322439999999,42.34309469999999
183.0,ST BOTOLPH ST,BOSTON,2115,"1,594,500.00",1/1/2013,-71.0832326,42.34305459999999
185.0,ST BOTOLPH ST,BOSTON,2115,"1,551,000.00",1/1/2013,-71.0833966,42.3431416
187.0,ST BOTOLPH ST,BOSTON,2115,"1,396,500.00",1/1/2013,-71.08336369999999,42.3429698
189.0,ST BOTOLPH ST,BOSTON,2115,"1,921,000.00",1/1/2013,-71.0834565,42.3429486
191.0,ST BOTOLPH ST,BOSTON,2115,0.00,1/1/2013,-71.0835029,42.3428822
191.0,ST BOTOLPH ST,BOSTON,2115,"589,800.00",1/1/2013,-71.0835029,42.3428822
191.0,ST BOTOLPH ST,BOSTON,2115,"608,800.00",1/1/2013,-71.0835029,42.3428822
191.0,ST BOTOLPH ST,BOSTON,2115,"682,700.00",1/1/2013,-71.0835029,42.3428822
191.0,ST BOTOLPH ST,BOSTON,2115,"587,800.00",1/1/2013,-71.0835029,42.3428822
193.0,ST BOTOLPH ST,BOSTON,2115,0.00,1/1/2013,-71.0835732,42.3428601
193.0,ST BOTOLPH ST,BOSTON,2115,"563,700.00",1/1/2013,-71.0835732,42.3428601
193.0,ST BOTOLPH ST,BOSTON,2115,"539,400.00",1/1/2013,-71.0835732,42.3428601
193.0,ST BOTOLPH ST,BOSTON,2115,"606,000.00",1/1/2013,-71.0835732,42.3428601
193.0,ST BOTOLPH ST,BOSTON,2115,"637,900.00",1/1/2013,-71.0835732,42.3428601
193.0,ST BOTOLPH ST,BOSTON,2115,"725,200.00",1/1/2013,-71.0835732,42.3428601
195.0,ST BOTOLPH ST,BOSTON,2115,0.00,1/1/2013,-71.0835474,42.3427803
195.0,ST BOTOLPH ST,BOSTON,2115,"411,100.00",1/1/2013,-71.0835474,42.3427803
195.0,ST BOTOLPH ST,BOSTON,2115,"552,800.00",1/1/2013,-71.0835474,42.3427803
195.0,ST BOTOLPH ST,BOSTON,2115,"551,400.00",1/1/2013,-71.0835474,42.3427803
195.0,ST BOTOLPH ST,BOSTON,2115,"520,200.00",1/1/2013,-71.0835474,42.3427803
195.0,ST BOTOLPH ST,BOSTON,2115,"661,900.00",1/1/2013,-71.0835474,42.3427803
197.0,ST BOTOLPH ST,BOSTON,2115,0.00,1/1/2013,-71.083677,42.3427726
197.0,ST BOTOLPH ST,BOSTON,2115,"460,100.00",1/1/2013,-71.083677,42.3427726
197.0,ST BOTOLPH ST,BOSTON,2115,"374,800.00",1/1/2013,-71.083677,42.3427726
197.0,ST BOTOLPH ST,BOSTON,2115,"376,900.00",1/1/2013,-71.083677,42.3427726
197.0,ST BOTOLPH ST,BOSTON,2115,"543,100.00",1/1/2013,-71.083677,42.3427726
197.0,ST BOTOLPH ST,BOSTON,2115,"517,800.00",1/1/2013,-71.083677,42.3427726
197.0,ST BOTOLPH ST,BOSTON,2115,"713,500.00",1/1/2013,-71.083677,42.3427726
199.0,ST BOTOLPH ST,BOSTON,2115,"2,635,100.00",1/1/2013,-71.083772,42.342762
15.0,ST GERMAIN ST,BOSTON,2115,"870,300.00",1/1/2013,-71.0863842,42.3457113
17.0,ST GERMAIN ST,BOSTON,2115,"779,963.00",1/1/2013,-71.0862913,42.34569550000001
19.0,ST GERMAIN ST,BOSTON,2115,"779,963.00",1/1/2013,-71.08601279999999,42.3456479
21.0,ST GERMAIN ST,BOSTON,2115,"779,963.00",1/1/2013,-71.0861408,42.3456682
23.0,ST GERMAIN ST,BOSTON,2115,"779,963.00",1/1/2013,-71.08606619999999,42.3456575
25.0,ST GERMAIN ST,BOSTON,2115,"779,963.00",1/1/2013,-71.0859931,42.3456474
27.0,ST GERMAIN ST,BOSTON,2115,"967,700.00",1/1/2013,-71.0859199,42.3456321
29.0,ST GERMAIN ST,BOSTON,2115,"876,410.00",1/1/2013,-71.0858271,42.3456534
31.0,ST GERMAIN ST,BOSTON,2115,"876,410.00",1/1/2013,-71.085769,42.3456156
33.0,ST GERMAIN ST,BOSTON,2115,"876,410.00",1/1/2013,-71.0856878,42.3455925
35.0,ST GERMAIN ST,BOSTON,2115,"876,410.00",1/1/2013,-71.0855949,42.3455767
37.0,ST GERMAIN ST,BOSTON,2115,"876,410.00",1/1/2013,-71.0855021,42.345598
39.0,ST GERMAIN ST,BOSTON,2115,"876,410.00",1/1/2013,-71.0854441,42.3455602
41.0,ST GERMAIN ST,BOSTON,2115,"876,410.00",1/1/2013,-71.0853628,42.3455371
43.0,ST GERMAIN ST,BOSTON,2115,"779,963.00",1/1/2013,-71.08527,42.3455584
45.0,ST GERMAIN ST,BOSTON,2115,"779,963.00",1/1/2013,-71.08521189999999,42.3455392
47.0,ST GERMAIN ST,BOSTON,2115,"779,963.00",1/1/2013,-71.08508429999999,42.3455267
49.0,ST GERMAIN ST,BOSTON,2115,"689,300.00",1/1/2013,-71.0850109,42.3455061
51.0,ST GERMAIN ST,BOSTON,2115,"779,963.00",1/1/2013,-71.08499139999999,42.3455108
53.0,ST GERMAIN ST,BOSTON,2115,"779,963.00",1/1/2013,-71.0849102,42.3454877
55.0,ST GERMAIN ST,BOSTON,2115,"779,963.00",1/1/2013,-71.0848405,42.3454758
57.0,ST GERMAIN ST,BOSTON,2115,"779,963.00",1/1/2013,-71.0847593,42.3454712
59.0,ST GERMAIN ST,BOSTON,2115,"779,963.00",1/1/2013,-71.0846262,42.3454683
61.0,ST GERMAIN ST,BOSTON,2115,"779,963.00",1/1/2013,-71.0845916,42.3455108
63.0,ST GERMAIN ST,BOSTON,2115,"779,963.00",1/1/2013,-71.08453879999999,42.34544289999999
65.0,ST GERMAIN ST,BOSTON,2115,"779,963.00",1/1/2013,-71.0844807,42.3454237
67.0,ST GERMAIN ST,BOSTON,2115,"2,532,783.00",1/1/2013,-71.0842718,42.3453695
67.0,ST GERMAIN ST,BOSTON,2115,"2,532,783.00",1/1/2013,-71.0842718,42.3453695
67.0,ST GERMAIN ST,BOSTON,2115,"2,532,783.00",1/1/2013,-71.0842718,42.3453695
67.0,ST GERMAIN ST,BOSTON,2115,"2,532,783.00",1/1/2013,-71.0842718,42.3453695
67.0,ST GERMAIN ST,BOSTON,2115,"2,532,783.00",1/1/2013,-71.0842718,42.3453695
67.0,ST GERMAIN ST,BOSTON,2115,"2,532,783.00",1/1/2013,-71.0842718,42.3453695
67.0,ST GERMAIN ST,BOSTON,2115,"2,532,783.00",1/1/2013,-71.0842718,42.3453695
67.0,ST GERMAIN ST,BOSTON,2115,"2,532,783.00",1/1/2013,-71.0842718,42.3453695
67.0,ST GERMAIN ST,BOSTON,2115,"2,532,783.00",1/1/2013,-71.0842718,42.3453695
67.0,ST GERMAIN ST,BOSTON,2115,"2,532,783.00",1/1/2013,-71.0842718,42.3453695
67.0,ST GERMAIN ST,BOSTON,2115,"2,532,783.00",1/1/2013,-71.0842718,42.3453695
67.0,ST GERMAIN ST,BOSTON,2115,"2,532,783.00",1/1/2013,-71.0842718,42.3453695
67.0,ST GERMAIN ST,BOSTON,2115,"2,532,783.00",1/1/2013,-71.0842718,42.3453695
67.0,ST GERMAIN ST,BOSTON,2115,"2,532,783.00",1/1/2013,-71.0842718,42.3453695
67.0,ST GERMAIN ST,BOSTON,2115,"2,532,783.00",1/1/2013,-71.0842718,42.3453695
67.0,ST GERMAIN ST,BOSTON,2115,"2,532,783.00",1/1/2013,-71.0842718,42.3453695
67.0,ST GERMAIN ST,BOSTON,2115,"2,532,783.00",1/1/2013,-71.0842718,42.3453695
67.0,ST GERMAIN ST,BOSTON,2115,"2,532,783.00",1/1/2013,-71.0842718,42.3453695
67.0,ST GERMAIN ST,BOSTON,2115,"2,532,783.00",1/1/2013,-71.0842718,42.3453695
67.0,ST GERMAIN ST,BOSTON,2115,"2,532,783.00",1/1/2013,-71.0842718,42.3453695
67.0,ST GERMAIN ST,BOSTON,2115,"2,532,783.00",1/1/2013,-71.0842718,42.3453695
67.0,ST GERMAIN ST,BOSTON,2115,"2,532,783.00",1/1/2013,-71.0842718,42.3453695
67.0,ST GERMAIN ST,BOSTON,2115,"2,532,783.00",1/1/2013,-71.0842718,42.3453695
67.0,ST GERMAIN ST,BOSTON,2115,"2,532,783.00",1/1/2013,-71.0842718,42.3453695
67.0,ST GERMAIN ST,BOSTON,2115,"2,532,783.00",1/1/2013,-71.0842718,42.3453695
67.0,ST GERMAIN ST,BOSTON,2115,"2,532,783.00",1/1/2013,-71.0842718,42.3453695
67.0,ST GERMAIN ST,BOSTON,2115,"2,532,783.00",1/1/2013,-71.0842718,42.3453695
67.0,ST GERMAIN ST,BOSTON,2115,"2,532,783.00",1/1/2013,-71.0842718,42.3453695
67.0,ST GERMAIN ST,BOSTON,2115,"2,532,783.00",1/1/2013,-71.0842718,42.3453695
67.0,ST GERMAIN ST,BOSTON,2115,"2,532,783.00",1/1/2013,-71.0842718,42.3453695
67.0,ST GERMAIN ST,BOSTON,2115,"2,532,783.00",1/1/2013,-71.0842718,42.3453695
67.0,ST GERMAIN ST,BOSTON,2115,"2,532,783.00",1/1/2013,-71.0842718,42.3453695
67.0,ST GERMAIN ST,BOSTON,2115,"2,532,783.00",1/1/2013,-71.0842718,42.3453695
67.0,ST GERMAIN ST,BOSTON,2115,"2,532,783.00",1/1/2013,-71.0842718,42.3453695
67.0,ST GERMAIN ST,BOSTON,2115,"2,532,783.00",1/1/2013,-71.0842718,42.3453695
67.0,ST GERMAIN ST,BOSTON,2115,"2,532,783.00",1/1/2013,-71.0842718,42.3453695
67.0,ST GERMAIN ST,BOSTON,2115,"2,532,783.00",1/1/2013,-71.0842718,42.3453695
67.0,ST GERMAIN ST,BOSTON,2115,"2,532,783.00",1/1/2013,-71.0842718,42.3453695
67.0,ST GERMAIN ST,BOSTON,2115,"2,532,783.00",1/1/2013,-71.0842718,42.3453695
67.0,ST GERMAIN ST,BOSTON,2115,"2,532,783.00",1/1/2013,-71.0842718,42.3453695
67.0,ST GERMAIN ST,BOSTON,2115,"2,532,783.00",1/1/2013,-71.0842718,42.3453695
67.0,ST GERMAIN ST,BOSTON,2115,"2,532,783.00",1/1/2013,-71.0842718,42.3453695
67.0,ST GERMAIN ST,BOSTON,2115,"2,532,783.00",1/1/2013,-71.0842718,42.3453695
67.0,ST GERMAIN ST,BOSTON,2115,"2,532,783.00",1/1/2013,-71.0842718,42.3453695
67.0,ST GERMAIN ST,BOSTON,2115,"2,532,783.00",1/1/2013,-71.0842718,42.3453695
67.0,ST GERMAIN ST,BOSTON,2115,"2,532,783.00",1/1/2013,-71.0842718,42.3453695
67.0,ST GERMAIN ST,BOSTON,2115,"2,532,783.00",1/1/2013,-71.0842718,42.3453695
60.0,ST GERMAIN ST,BOSTON,2115,"1,048,338.00",1/1/2013,-71.0847361,42.34574569999999
58.0,ST GERMAIN ST,BOSTON,2115,"1,044,144.00",1/1/2013,-71.0847379,42.3457395
56.0,ST GERMAIN ST,BOSTON,2115,"847,057.00",1/1/2013,-71.08485209999999,42.3457098
54.0,ST GERMAIN ST,BOSTON,2115,"851,250.00",1/1/2013,-71.0849102,42.3457476
52.0,ST GERMAIN ST,BOSTON,2115,"869,500.00",1/1/2013,-71.08499139999999,42.3457336
50.0,ST GERMAIN ST,BOSTON,2115,"700,600.00",1/1/2013,-71.0850495,42.3457714
48.0,ST GERMAIN ST,BOSTON,2115,"851,250.00",1/1/2013,-71.0851307,42.3457945
46.0,ST GERMAIN ST,BOSTON,2115,"810,500.00",1/1/2013,-71.08521189999999,42.3457991
44.0,ST GERMAIN ST,BOSTON,2115,"851,250.00",1/1/2013,-71.08527,42.3458183
42.0,ST GERMAIN ST,BOSTON,2115,"851,250.00",1/1/2013,-71.08535119999999,42.3458228
40.0,ST GERMAIN ST,BOSTON,2115,"851,250.00",1/1/2013,-71.0854092,42.345842
38.0,ST GERMAIN ST,BOSTON,2115,"851,250.00",1/1/2013,-71.0855021,42.3458207
36.0,ST GERMAIN ST,BOSTON,2115,"851,250.00",1/1/2013,-71.0855833,42.3458439
34.0,ST GERMAIN ST,BOSTON,2115,"851,250.00",1/1/2013,-71.0856414,42.3458445
32.0,ST GERMAIN ST,BOSTON,2115,"851,250.00",1/1/2013,-71.0856994,42.3458822
30.0,ST GERMAIN ST,BOSTON,2115,"851,250.00",1/1/2013,-71.08578059999999,42.3459054
28.0,ST GERMAIN ST,BOSTON,2115,"851,250.00",1/1/2013,-71.0858619,42.34591
26.0,ST GERMAIN ST,BOSTON,2115,"851,250.00",1/1/2013,-71.0859199,42.3459291
24.0,ST GERMAIN ST,BOSTON,2115,"851,250.00",1/1/2013,-71.08601279999999,42.3459078
22.0,ST GERMAIN ST,BOSTON,2115,"851,250.00",1/1/2013,-71.0860719,42.3459352
20.0,ST GERMAIN ST,BOSTON,2115,"851,250.00",1/1/2013,-71.086152,42.34593160000001
18.0,ST GERMAIN ST,BOSTON,2115,"851,250.00",1/1/2013,-71.0862101,42.3459693
16.0,ST GERMAIN ST,BOSTON,2115,"851,250.00",1/1/2013,-71.0862913,42.3459554
14.0,ST GERMAIN ST,BOSTON,2115,"851,250.00",1/1/2013,-71.08637259999999,42.3459785
12.0,ST GERMAIN ST,BOSTON,2115,"851,250.00",1/1/2013,-71.0864306,42.3459791
10.0,ST GERMAIN ST,BOSTON,2115,"851,250.00",1/1/2013,-71.0865118,42.34600229999999
8.0,ST GERMAIN ST,BOSTON,2115,"813,510.00",1/1/2013,-71.0865815,42.3460141
199.0,ST BOTOLPH ST,BOSTON,02115_,"2,845,900.00",1/1/2014,-71.083772,42.342762
197.0,ST BOTOLPH ST,BOSTON,02115_,"756,300.00",1/1/2014,-71.083677,42.3427726
197.0,ST BOTOLPH ST,BOSTON,02115_,"548,900.00",1/1/2014,-71.083677,42.3427726
197.0,ST BOTOLPH ST,BOSTON,02115_,"575,700.00",1/1/2014,-71.083677,42.3427726
197.0,ST BOTOLPH ST,BOSTON,02115_,"399,500.00",1/1/2014,-71.083677,42.3427726
197.0,ST BOTOLPH ST,BOSTON,02115_,"397,300.00",1/1/2014,-71.083677,42.3427726
197.0,ST BOTOLPH ST,BOSTON,02115_,"487,700.00",1/1/2014,-71.083677,42.3427726
197.0,ST BOTOLPH ST,BOSTON,02115_,0.00,1/1/2014,-71.083677,42.3427726
195.0,ST BOTOLPH ST,BOSTON,02115_,"701,600.00",1/1/2014,-71.0835474,42.3427803
195.0,ST BOTOLPH ST,BOSTON,02115_,"551,400.00",1/1/2014,-71.0835474,42.3427803
195.0,ST BOTOLPH ST,BOSTON,02115_,"584,500.00",1/1/2014,-71.0835474,42.3427803
195.0,ST BOTOLPH ST,BOSTON,02115_,"586,000.00",1/1/2014,-71.0835474,42.3427803
195.0,ST BOTOLPH ST,BOSTON,02115_,"435,800.00",1/1/2014,-71.0835474,42.3427803
195.0,ST BOTOLPH ST,BOSTON,02115_,0.00,1/1/2014,-71.0835474,42.3427803
193.0,ST BOTOLPH ST,BOSTON,02115_,"768,800.00",1/1/2014,-71.0835732,42.3428601
193.0,ST BOTOLPH ST,BOSTON,02115_,"676,200.00",1/1/2014,-71.0835732,42.3428601
193.0,ST BOTOLPH ST,BOSTON,02115_,"642,400.00",1/1/2014,-71.0835732,42.3428601
193.0,ST BOTOLPH ST,BOSTON,02115_,"571,700.00",1/1/2014,-71.0835732,42.3428601
193.0,ST BOTOLPH ST,BOSTON,02115_,"597,500.00",1/1/2014,-71.0835732,42.3428601
193.0,ST BOTOLPH ST,BOSTON,02115_,0.00,1/1/2014,-71.0835732,42.3428601
191.0,ST BOTOLPH ST,BOSTON,02115_,"623,100.00",1/1/2014,-71.0835029,42.3428822
191.0,ST BOTOLPH ST,BOSTON,02115_,"723,700.00",1/1/2014,-71.0835029,42.3428822
191.0,ST BOTOLPH ST,BOSTON,02115_,"645,300.00",1/1/2014,-71.0835029,42.3428822
191.0,ST BOTOLPH ST,BOSTON,02115_,"625,200.00",1/1/2014,-71.0835029,42.3428822
191.0,ST BOTOLPH ST,BOSTON,02115_,0.00,1/1/2014,-71.0835029,42.3428822
189.0,ST BOTOLPH ST,BOSTON,02115_,"2,039,000.00",1/1/2014,-71.0834565,42.3429486
187.0,ST BOTOLPH ST,BOSTON,02115_,"1,655,000.00",1/1/2014,-71.08336369999999,42.3429698
185.0,ST BOTOLPH ST,BOSTON,02115_,"1,837,000.00",1/1/2014,-71.0833966,42.3431416
183.0,ST BOTOLPH ST,BOSTON,02115_,"1,369,000.00",1/1/2014,-71.0832326,42.34305459999999
181.0,ST BOTOLPH ST,BOSTON,02115_,"548,000.00",1/1/2014,-71.08322439999999,42.34309469999999
181.0,ST BOTOLPH ST,BOSTON,02115_,"386,700.00",1/1/2014,-71.08322439999999,42.34309469999999
181.0,ST BOTOLPH ST,BOSTON,02115_,"290,700.00",1/1/2014,-71.08322439999999,42.34309469999999
181.0,ST BOTOLPH ST,BOSTON,02115_,"374,700.00",1/1/2014,-71.08322439999999,42.34309469999999
181.0,ST BOTOLPH ST,BOSTON,02115_,"308,100.00",1/1/2014,-71.08322439999999,42.34309469999999
181.0,ST BOTOLPH ST,BOSTON,02115_,"352,100.00",1/1/2014,-71.08322439999999,42.34309469999999
181.0,ST BOTOLPH ST,BOSTON,02115_,0.00,1/1/2014,-71.08322439999999,42.34309469999999
179.0,ST BOTOLPH ST,BOSTON,02115_,"1,415,000.00",1/1/2014,-71.08322439999999,42.3431688
177.0,ST BOTOLPH ST,BOSTON,02115_,"1,747,000.00",1/1/2014,-71.0831315,42.3432644
175.0,ST BOTOLPH ST,BOSTON,02115_,"639,300.00",1/1/2014,-71.0831264,42.3432823
175.0,ST BOTOLPH ST,BOSTON,02115_,"617,000.00",1/1/2014,-71.0831264,42.3432823
294.0,ST BOTOLPH ST,BOSTON,02115_,"316,500.00",1/1/2014,-71.0870918,42.3401868
175.0,ST BOTOLPH ST,BOSTON,02115_,"546,300.00",1/1/2014,-71.0831264,42.3432823
175.0,ST BOTOLPH ST,BOSTON,02115_,"523,400.00",1/1/2014,-71.0831264,42.3432823
175.0,ST BOTOLPH ST,BOSTON,02115_,0.00,1/1/2014,-71.0831264,42.3432823
173.0,ST BOTOLPH ST,BOSTON,02115_,"1,314,000.00",1/1/2014,-71.0830735,42.3432823
171.0,ST BOTOLPH ST,BOSTON,02115_,"1,146,000.00",1/1/2014,-71.0829923,42.3433149
169.0,ST BOTOLPH ST,BOSTON,02115_,"1,689,000.00",1/1/2014,-71.08294579999999,42.3433813
161.0,ST BOTOLPH ST,BOSTON,02115_,"2,074,800.00",1/1/2014,-71.0828646,42.3434138
8.0,ST GERMAIN ST,BOSTON,02115_,"930,745.00",1/1/2014,-71.0865815,42.3460141
10.0,ST GERMAIN ST,BOSTON,02115_,"973,923.00",1/1/2014,-71.0865118,42.34600229999999
12.0,ST GERMAIN ST,BOSTON,02115_,"973,923.00",1/1/2014,-71.0864306,42.3459791
14.0,ST GERMAIN ST,BOSTON,02115_,"973,923.00",1/1/2014,-71.08637259999999,42.3459785
16.0,ST GERMAIN ST,BOSTON,02115_,"973,923.00",1/1/2014,-71.0862913,42.3459554
18.0,ST GERMAIN ST,BOSTON,02115_,"973,923.00",1/1/2014,-71.0862101,42.3459693
20.0,ST GERMAIN ST,BOSTON,02115_,"973,923.00",1/1/2014,-71.086152,42.34593160000001
22.0,ST GERMAIN ST,BOSTON,02115_,"973,923.00",1/1/2014,-71.0860719,42.3459352
24.0,ST GERMAIN ST,BOSTON,02115_,"973,923.00",1/1/2014,-71.08601279999999,42.3459078
26.0,ST GERMAIN ST,BOSTON,02115_,"973,923.00",1/1/2014,-71.0859199,42.3459291
28.0,ST GERMAIN ST,BOSTON,02115_,"973,923.00",1/1/2014,-71.0858619,42.34591
30.0,ST GERMAIN ST,BOSTON,02115_,"973,923.00",1/1/2014,-71.08578059999999,42.3459054
32.0,ST GERMAIN ST,BOSTON,02115_,"973,923.00",1/1/2014,-71.0856994,42.3458822
34.0,ST GERMAIN ST,BOSTON,02115_,"973,923.00",1/1/2014,-71.0856414,42.3458445
36.0,ST GERMAIN ST,BOSTON,02115_,"973,923.00",1/1/2014,-71.0855833,42.3458439
38.0,ST GERMAIN ST,BOSTON,02115_,"973,923.00",1/1/2014,-71.0855021,42.3458207
40.0,ST GERMAIN ST,BOSTON,02115_,"973,923.00",1/1/2014,-71.0854092,42.345842
49.0,ST GERMAIN ST,BOSTON,02115_,"716,900.00",1/1/2014,-71.0850109,42.3455061
42.0,ST GERMAIN ST,BOSTON,02115_,"973,923.00",1/1/2014,-71.08535119999999,42.3458228
44.0,ST GERMAIN ST,BOSTON,02115_,"973,923.00",1/1/2014,-71.08527,42.3458183
46.0,ST GERMAIN ST,BOSTON,02115_,"842,900.00",1/1/2014,-71.08521189999999,42.3457991
48.0,ST GERMAIN ST,BOSTON,02115_,"973,923.00",1/1/2014,-71.0851307,42.3457945
50.0,ST GERMAIN ST,BOSTON,02115_,"728,600.00",1/1/2014,-71.0850495,42.3457714
52.0,ST GERMAIN ST,BOSTON,02115_,"973,000.00",1/1/2014,-71.08499139999999,42.3457336
54.0,ST GERMAIN ST,BOSTON,02115_,"973,923.00",1/1/2014,-71.0849102,42.3457476
56.0,ST GERMAIN ST,BOSTON,02115_,"969,125.00",1/1/2014,-71.08485209999999,42.3457098
58.0,ST GERMAIN ST,BOSTON,02115_,"1,194,615.00",1/1/2014,-71.0847379,42.3457395
60.0,ST GERMAIN ST,BOSTON,02115_,"1,199,413.00",1/1/2014,-71.0847361,42.34574569999999
67.0,ST GERMAIN ST,BOSTON,02115_,"2,897,780.00",1/1/2014,-71.0842718,42.3453695
65.0,ST GERMAIN ST,BOSTON,02115_,"892,363.00",1/1/2014,-71.0844807,42.3454237
63.0,ST GERMAIN ST,BOSTON,02115_,"892,363.00",1/1/2014,-71.08453879999999,42.34544289999999
61.0,ST GERMAIN ST,BOSTON,02115_,"892,363.00",1/1/2014,-71.0845916,42.3455108
59.0,ST GERMAIN ST,BOSTON,02115_,"892,363.00",1/1/2014,-71.0846262,42.3454683
57.0,ST GERMAIN ST,BOSTON,02115_,"892,363.00",1/1/2014,-71.0847593,42.3454712
55.0,ST GERMAIN ST,BOSTON,02115_,"892,363.00",1/1/2014,-71.0848405,42.3454758
53.0,ST GERMAIN ST,BOSTON,02115_,"892,363.00",1/1/2014,-71.0849102,42.3454877
51.0,ST GERMAIN ST,BOSTON,02115_,"892,363.00",1/1/2014,-71.08499139999999,42.3455108
47.0,ST GERMAIN ST,BOSTON,02115_,"892,363.00",1/1/2014,-71.08508429999999,42.3455267
45.0,ST GERMAIN ST,BOSTON,02115_,"892,363.00",1/1/2014,-71.08521189999999,42.3455392
43.0,ST GERMAIN ST,BOSTON,02115_,"892,363.00",1/1/2014,-71.08527,42.3455584
41.0,ST GERMAIN ST,BOSTON,02115_,"1,002,709.00",1/1/2014,-71.0853628,42.3455371
39.0,ST GERMAIN ST,BOSTON,02115_,"1,002,709.00",1/1/2014,-71.0854441,42.3455602
37.0,ST GERMAIN ST,BOSTON,02115_,"1,002,709.00",1/1/2014,-71.0855021,42.345598
35.0,ST GERMAIN ST,BOSTON,02115_,"1,002,709.00",1/1/2014,-71.0855949,42.3455767
33.0,ST GERMAIN ST,BOSTON,02115_,"1,002,709.00",1/1/2014,-71.0856878,42.3455925
31.0,ST GERMAIN ST,BOSTON,02115_,"1,002,709.00",1/1/2014,-71.085769,42.3456156
29.0,ST GERMAIN ST,BOSTON,02115_,"1,002,709.00",1/1/2014,-71.0858271,42.3456534
27.0,ST GERMAIN ST,BOSTON,02115_,"995,500.00",1/1/2014,-71.0859199,42.3456321
25.0,ST GERMAIN ST,BOSTON,02115_,"892,363.00",1/1/2014,-71.0859931,42.3456474
23.0,ST GERMAIN ST,BOSTON,02115_,"892,363.00",1/1/2014,-71.08606619999999,42.3456575
21.0,ST GERMAIN ST,BOSTON,02115_,"892,363.00",1/1/2014,-71.0861408,42.3456682
19.0,ST GERMAIN ST,BOSTON,02115_,"892,363.00",1/1/2014,-71.08601279999999,42.3456479
17.0,ST GERMAIN ST,BOSTON,02115_,"892,363.00",1/1/2014,-71.0862913,42.34569550000001
15.0,ST GERMAIN ST,BOSTON,02115_,"905,100.00",1/1/2014,-71.0863842,42.3457113
161.0,ST BOTOLPH ST,BOSTON,2115,"2,993,400.00",1/1/2020,-71.0828646,42.3434138
169.0,ST BOTOLPH ST,BOSTON,2115,"2,660,600.00",1/1/2020,-71.08294579999999,42.3433813
171.0,ST BOTOLPH ST,BOSTON,2115,"1,836,400.00",1/1/2020,-71.0829923,42.3433149
173.0,ST BOTOLPH ST,BOSTON,2115,"2,113,300.00",1/1/2020,-71.0830735,42.3432823
175.0,ST BOTOLPH ST,BOSTON,2115,"745,700.00",1/1/2020,-71.0831264,42.3432823
175.0,ST BOTOLPH ST,BOSTON,2115,"772,900.00",1/1/2020,-71.0831264,42.3432823
175.0,ST BOTOLPH ST,BOSTON,2115,"860,600.00",1/1/2020,-71.0831264,42.3432823
175.0,ST BOTOLPH ST,BOSTON,2115,"944,600.00",1/1/2020,-71.0831264,42.3432823
177.0,ST BOTOLPH ST,BOSTON,2115,"2,749,000.00",1/1/2020,-71.0831315,42.3432644
179.0,ST BOTOLPH ST,BOSTON,2115,"2,283,300.00",1/1/2020,-71.08322439999999,42.3431688
181.0,ST BOTOLPH ST,BOSTON,2115,"510,600.00",1/1/2020,-71.08322439999999,42.34309469999999
181.0,ST BOTOLPH ST,BOSTON,2115,"464,500.00",1/1/2020,-71.08322439999999,42.34309469999999
181.0,ST BOTOLPH ST,BOSTON,2115,"540,900.00",1/1/2020,-71.08322439999999,42.34309469999999
181.0,ST BOTOLPH ST,BOSTON,2115,"428,100.00",1/1/2020,-71.08322439999999,42.34309469999999
181.0,ST BOTOLPH ST,BOSTON,2115,"557,100.00",1/1/2020,-71.08322439999999,42.34309469999999
181.0,ST BOTOLPH ST,BOSTON,2115,"758,000.00",1/1/2020,-71.08322439999999,42.34309469999999
183.0,ST BOTOLPH ST,BOSTON,2115,"2,095,200.00",1/1/2020,-71.0832326,42.34305459999999
185.0,ST BOTOLPH ST,BOSTON,2115,"2,894,400.00",1/1/2020,-71.0833966,42.3431416
187.0,ST BOTOLPH ST,BOSTON,2115,"2,563,600.00",1/1/2020,-71.08336369999999,42.3429698
189.0,ST BOTOLPH ST,BOSTON,2115,"2,841,900.00",1/1/2020,-71.0834565,42.3429486
191.0,ST BOTOLPH ST,BOSTON,2115,"843,900.00",1/1/2020,-71.0835029,42.3428822
191.0,ST BOTOLPH ST,BOSTON,2115,"873,400.00",1/1/2020,-71.0835029,42.3428822
191.0,ST BOTOLPH ST,BOSTON,2115,"999,000.00",1/1/2020,-71.0835029,42.3428822
191.0,ST BOTOLPH ST,BOSTON,2115,"838,000.00",1/1/2020,-71.0835029,42.3428822
193.0,ST BOTOLPH ST,BOSTON,2115,"847,400.00",1/1/2020,-71.0835732,42.3428601
193.0,ST BOTOLPH ST,BOSTON,2115,"792,000.00",1/1/2020,-71.0835732,42.3428601
193.0,ST BOTOLPH ST,BOSTON,2115,"891,700.00",1/1/2020,-71.0835732,42.3428601
193.0,ST BOTOLPH ST,BOSTON,2115,"938,200.00",1/1/2020,-71.0835732,42.3428601
193.0,ST BOTOLPH ST,BOSTON,2115,"1,254,000.00",1/1/2020,-71.0835732,42.3428601
195.0,ST BOTOLPH ST,BOSTON,2115,"666,800.00",1/1/2020,-71.0835474,42.3427803
195.0,ST BOTOLPH ST,BOSTON,2115,"799,300.00",1/1/2020,-71.0835474,42.3427803
195.0,ST BOTOLPH ST,BOSTON,2115,"794,600.00",1/1/2020,-71.0835474,42.3427803
195.0,ST BOTOLPH ST,BOSTON,2115,"741,300.00",1/1/2020,-71.0835474,42.3427803
195.0,ST BOTOLPH ST,BOSTON,2115,"956,400.00",1/1/2020,-71.0835474,42.3427803
197.0,ST BOTOLPH ST,BOSTON,2115,"685,600.00",1/1/2020,-71.083677,42.3427726
197.0,ST BOTOLPH ST,BOSTON,2115,"598,600.00",1/1/2020,-71.083677,42.3427726
197.0,ST BOTOLPH ST,BOSTON,2115,"619,300.00",1/1/2020,-71.083677,42.3427726
197.0,ST BOTOLPH ST,BOSTON,2115,"782,000.00",1/1/2020,-71.083677,42.3427726
197.0,ST BOTOLPH ST,BOSTON,2115,"809,400.00",1/1/2020,-71.083677,42.3427726
197.0,ST BOTOLPH ST,BOSTON,2115,"1,084,800.00",1/1/2020,-71.083677,42.3427726
199.0,ST BOTOLPH ST,BOSTON,2115,"4,147,000.00",1/1/2020,-71.083772,42.342762
15.0,ST GERMAIN ST,BOSTON,2115,"1,504,100.00",1/1/2020,-71.0863842,42.3457113
17.0,ST GERMAIN ST,BOSTON,2115,"1,377,948.00",1/1/2020,-71.0862913,42.34569550000001
19.0,ST GERMAIN ST,BOSTON,2115,"1,377,948.00",1/1/2020,-71.08601279999999,42.3456479
21.0,ST GERMAIN ST,BOSTON,2115,"1,377,948.00",1/1/2020,-71.0861408,42.3456682
23.0,ST GERMAIN ST,BOSTON,2115,"1,377,948.00",1/1/2020,-71.08606619999999,42.3456575
25.0,ST GERMAIN ST,BOSTON,2115,"1,377,948.00",1/1/2020,-71.0859931,42.3456474
27.0,ST GERMAIN ST,BOSTON,2115,"1,376,600.00",1/1/2020,-71.0859199,42.3456321
29.0,ST GERMAIN ST,BOSTON,2115,"1,549,566.00",1/1/2020,-71.0858271,42.3456534
31.0,ST GERMAIN ST,BOSTON,2115,"1,549,566.00",1/1/2020,-71.085769,42.3456156
33.0,ST GERMAIN ST,BOSTON,2115,"1,549,566.00",1/1/2020,-71.0856878,42.3455925
35.0,ST GERMAIN ST,BOSTON,2115,"1,549,566.00",1/1/2020,-71.0855949,42.3455767
37.0,ST GERMAIN ST,BOSTON,2115,"1,550,819.00",1/1/2020,-71.0855021,42.345598
39.0,ST GERMAIN ST,BOSTON,2115,"1,549,566.00",1/1/2020,-71.0854441,42.3455602
41.0,ST GERMAIN ST,BOSTON,2115,"1,549,566.00",1/1/2020,-71.0853628,42.3455371
43.0,ST GERMAIN ST,BOSTON,2115,"1,377,948.00",1/1/2020,-71.08527,42.3455584
45.0,ST GERMAIN ST,BOSTON,2115,"1,377,948.00",1/1/2020,-71.08521189999999,42.3455392
47.0,ST GERMAIN ST,BOSTON,2115,"1,377,948.00",1/1/2020,-71.08508429999999,42.3455267
49.0,ST GERMAIN ST,BOSTON,2115,"1,511,300.00",1/1/2020,-71.0850109,42.3455061
51.0,ST GERMAIN ST,BOSTON,2115,"1,377,948.00",1/1/2020,-71.08499139999999,42.3455108
53.0,ST GERMAIN ST,BOSTON,2115,"1,377,948.00",1/1/2020,-71.0849102,42.3454877
55.0,ST GERMAIN ST,BOSTON,2115,"1,377,948.00",1/1/2020,-71.0848405,42.3454758
57.0,ST GERMAIN ST,BOSTON,2115,"1,377,948.00",1/1/2020,-71.0847593,42.3454712
59.0,ST GERMAIN ST,BOSTON,2115,"1,377,948.00",1/1/2020,-71.0846262,42.3454683
61.0,ST GERMAIN ST,BOSTON,2115,"1,377,948.00",1/1/2020,-71.0845916,42.3455108
63.0,ST GERMAIN ST,BOSTON,2115,"1,377,948.00",1/1/2020,-71.08453879999999,42.34544289999999
65.0,ST GERMAIN ST,BOSTON,2115,"1,377,948.00",1/1/2020,-71.0844807,42.3454237
67.0,ST GERMAIN ST,BOSTON,2115,"4,474,578.00",1/1/2020,-71.0842718,42.3453695
,ST GERMAIN ST,BOSTON,2115,"506,900.00",1/1/2020,-71.0931667,42.3592647
60.0,ST GERMAIN ST,BOSTON,2115,"1,852,716.00",1/1/2020,-71.0847361,42.34574569999999
58.0,ST GERMAIN ST,BOSTON,2115,"1,847,705.00",1/1/2020,-71.0847379,42.3457395
56.0,ST GERMAIN ST,BOSTON,2115,"1,493,196.00",1/1/2020,-71.08485209999999,42.3457098
54.0,ST GERMAIN ST,BOSTON,2115,"1,506,975.00",1/1/2020,-71.0849102,42.3457476
52.0,ST GERMAIN ST,BOSTON,2115,"1,276,100.00",1/1/2020,-71.08499139999999,42.3457336
50.0,ST GERMAIN ST,BOSTON,2115,"1,312,200.00",1/1/2020,-71.0850495,42.3457714
48.0,ST GERMAIN ST,BOSTON,2115,"1,503,217.00",1/1/2020,-71.0851307,42.3457945
46.0,ST GERMAIN ST,BOSTON,2115,"1,447,200.00",1/1/2020,-71.08521189999999,42.3457991
44.0,ST GERMAIN ST,BOSTON,2115,"1,503,217.00",1/1/2020,-71.08527,42.3458183
42.0,ST GERMAIN ST,BOSTON,2115,"1,503,217.00",1/1/2020,-71.08535119999999,42.3458228
40.0,ST GERMAIN ST,BOSTON,2115,"1,503,217.00",1/1/2020,-71.0854092,42.345842
38.0,ST GERMAIN ST,BOSTON,2115,"1,503,217.00",1/1/2020,-71.0855021,42.3458207
36.0,ST GERMAIN ST,BOSTON,2115,"1,503,217.00",1/1/2020,-71.0855833,42.3458439
34.0,ST GERMAIN ST,BOSTON,2115,"1,503,217.00",1/1/2020,-71.0856414,42.3458445
32.0,ST GERMAIN ST,BOSTON,2115,"1,503,217.00",1/1/2020,-71.0856994,42.3458822
30.0,ST GERMAIN ST,BOSTON,2115,"1,503,217.00",1/1/2020,-71.08578059999999,42.3459054
28.0,ST GERMAIN ST,BOSTON,2115,"1,503,217.00",1/1/2020,-71.0858619,42.34591
26.0,ST GERMAIN ST,BOSTON,2115,"1,503,217.00",1/1/2020,-71.0859199,42.3459291
24.0,ST GERMAIN ST,BOSTON,2115,"1,503,217.00",1/1/2020,-71.08601279999999,42.3459078
22.0,ST GERMAIN ST,BOSTON,2115,"1,503,217.00",1/1/2020,-71.0860719,42.3459352
20.0,ST GERMAIN ST,BOSTON,2115,"1,503,217.00",1/1/2020,-71.086152,42.34593160000001
18.0,ST GERMAIN ST,BOSTON,2115,"1,503,217.00",1/1/2020,-71.0862101,42.3459693
16.0,ST GERMAIN ST,BOSTON,2115,"1,503,217.00",1/1/2020,-71.0862913,42.3459554
14.0,ST GERMAIN ST,BOSTON,2115,"1,503,217.00",1/1/2020,-71.08637259999999,42.3459785
12.0,ST GERMAIN ST,BOSTON,2115,"1,503,217.00",1/1/2020,-71.0864306,42.3459791
10.0,ST GERMAIN ST,BOSTON,2115,"1,503,217.00",1/1/2020,-71.0865118,42.34600229999999
8.0,ST GERMAIN ST,BOSTON,2115,"1,440,583.00",1/1/2020,-71.0865815,42.3460141
161.0,ST BOTOLPH ST,BOSTON,2115,"3,076,500.00",1/1/2021,-71.0828646,42.3434138
169.0,ST BOTOLPH ST,BOSTON,2115,"2,699,100.00",1/1/2021,-71.08294579999999,42.3433813
171.0,ST BOTOLPH ST,BOSTON,2115,"1,856,600.00",1/1/2021,-71.0829923,42.3433149
173.0,ST BOTOLPH ST,BOSTON,2115,"2,144,000.00",1/1/2021,-71.0830735,42.3432823
175.0,ST BOTOLPH ST,BOSTON,2115,"766,200.00",1/1/2021,-71.0831264,42.3432823
175.0,ST BOTOLPH ST,BOSTON,2115,"814,900.00",1/1/2021,-71.0831264,42.3432823
175.0,ST BOTOLPH ST,BOSTON,2115,"904,900.00",1/1/2021,-71.0831264,42.3432823
175.0,ST BOTOLPH ST,BOSTON,2115,"957,200.00",1/1/2021,-71.0831264,42.3432823
177.0,ST BOTOLPH ST,BOSTON,2115,"2,788,900.00",1/1/2021,-71.0831315,42.3432644
179.0,ST BOTOLPH ST,BOSTON,2115,"2,350,300.00",1/1/2021,-71.08322439999999,42.3431688
181.0,ST BOTOLPH ST,BOSTON,2115,"521,300.00",1/1/2021,-71.08322439999999,42.34309469999999
181.0,ST BOTOLPH ST,BOSTON,2115,"473,300.00",1/1/2021,-71.08322439999999,42.34309469999999
181.0,ST BOTOLPH ST,BOSTON,2115,"577,700.00",1/1/2021,-71.08322439999999,42.34309469999999
181.0,ST BOTOLPH ST,BOSTON,2115,"478,100.00",1/1/2021,-71.08322439999999,42.34309469999999
181.0,ST BOTOLPH ST,BOSTON,2115,"592,900.00",1/1/2021,-71.08322439999999,42.34309469999999
181.0,ST BOTOLPH ST,BOSTON,2115,"804,900.00",1/1/2021,-71.08322439999999,42.34309469999999
183.0,ST BOTOLPH ST,BOSTON,2115,"2,130,700.00",1/1/2021,-71.0832326,42.34305459999999
185.0,ST BOTOLPH ST,BOSTON,2115,"2,936,300.00",1/1/2021,-71.0833966,42.3431416
187.0,ST BOTOLPH ST,BOSTON,2115,"2,600,800.00",1/1/2021,-71.08336369999999,42.3429698
189.0,ST BOTOLPH ST,BOSTON,2115,"2,878,300.00",1/1/2021,-71.0834565,42.3429486
191.0,ST BOTOLPH ST,BOSTON,2115,"880,000.00",1/1/2021,-71.0835029,42.3428822
191.0,ST BOTOLPH ST,BOSTON,2115,"915,300.00",1/1/2021,-71.0835029,42.3428822
191.0,ST BOTOLPH ST,BOSTON,2115,"1,056,000.00",1/1/2021,-71.0835029,42.3428822
191.0,ST BOTOLPH ST,BOSTON,2115,"872,700.00",1/1/2021,-71.0835029,42.3428822
193.0,ST BOTOLPH ST,BOSTON,2115,"859,300.00",1/1/2021,-71.0835732,42.3428601
193.0,ST BOTOLPH ST,BOSTON,2115,"863,800.00",1/1/2021,-71.0835732,42.3428601
193.0,ST BOTOLPH ST,BOSTON,2115,"971,100.00",1/1/2021,-71.0835732,42.3428601
193.0,ST BOTOLPH ST,BOSTON,2115,"1,011,800.00",1/1/2021,-71.0835732,42.3428601
193.0,ST BOTOLPH ST,BOSTON,2115,"1,317,900.00",1/1/2021,-71.0835732,42.3428601
195.0,ST BOTOLPH ST,BOSTON,2115,"612,100.00",1/1/2021,-71.0835474,42.3427803
195.0,ST BOTOLPH ST,BOSTON,2115,"828,500.00",1/1/2021,-71.0835474,42.3427803
195.0,ST BOTOLPH ST,BOSTON,2115,"837,800.00",1/1/2021,-71.0835474,42.3427803
195.0,ST BOTOLPH ST,BOSTON,2115,"778,900.00",1/1/2021,-71.0835474,42.3427803
195.0,ST BOTOLPH ST,BOSTON,2115,"1,008,000.00",1/1/2021,-71.0835474,42.3427803
197.0,ST BOTOLPH ST,BOSTON,2115,"675,500.00",1/1/2021,-71.083677,42.3427726
197.0,ST BOTOLPH ST,BOSTON,2115,"629,200.00",1/1/2021,-71.083677,42.3427726
197.0,ST BOTOLPH ST,BOSTON,2115,"593,500.00",1/1/2021,-71.083677,42.3427726
197.0,ST BOTOLPH ST,BOSTON,2115,"823,400.00",1/1/2021,-71.083677,42.3427726
197.0,ST BOTOLPH ST,BOSTON,2115,"868,000.00",1/1/2021,-71.083677,42.3427726
197.0,ST BOTOLPH ST,BOSTON,2115,"1,123,500.00",1/1/2021,-71.083677,42.3427726
199.0,ST BOTOLPH ST,BOSTON,2115,"4,275,900.00",1/1/2021,-71.083772,42.342762
15.0,ST GERMAIN ST,BOSTON,2115,"1,566,300.00",1/1/2021,-71.0863842,42.3457113
17.0,ST GERMAIN ST,BOSTON,2115,"1,253,846.00",1/1/2021,-71.0862913,42.34569550000001
19.0,ST GERMAIN ST,BOSTON,2115,"1,253,846.00",1/1/2021,-71.08601279999999,42.3456479
21.0,ST GERMAIN ST,BOSTON,2115,"1,253,846.00",1/1/2021,-71.0861408,42.3456682
23.0,ST GERMAIN ST,BOSTON,2115,"1,253,846.00",1/1/2021,-71.08606619999999,42.3456575
25.0,ST GERMAIN ST,BOSTON,2115,"1,253,846.00",1/1/2021,-71.0859931,42.3456474
27.0,ST GERMAIN ST,BOSTON,2115,"1,450,300.00",1/1/2021,-71.0859199,42.3456321
29.0,ST GERMAIN ST,BOSTON,2115,"1,410,007.00",1/1/2021,-71.0858271,42.3456534
31.0,ST GERMAIN ST,BOSTON,2115,"1,410,007.00",1/1/2021,-71.085769,42.3456156
33.0,ST GERMAIN ST,BOSTON,2115,"1,410,007.00",1/1/2021,-71.0856878,42.3455925
35.0,ST GERMAIN ST,BOSTON,2115,"1,410,007.00",1/1/2021,-71.0855949,42.3455767
37.0,ST GERMAIN ST,BOSTON,2115,"1,411,148.00",1/1/2021,-71.0855021,42.345598
39.0,ST GERMAIN ST,BOSTON,2115,"1,410,007.00",1/1/2021,-71.0854441,42.3455602
41.0,ST GERMAIN ST,BOSTON,2115,"1,410,007.00",1/1/2021,-71.0853628,42.3455371
43.0,ST GERMAIN ST,BOSTON,2115,"1,253,846.00",1/1/2021,-71.08527,42.3455584
45.0,ST GERMAIN ST,BOSTON,2115,"1,253,846.00",1/1/2021,-71.08521189999999,42.3455392
47.0,ST GERMAIN ST,BOSTON,2115,"1,253,846.00",1/1/2021,-71.08508429999999,42.3455267
49.0,ST GERMAIN ST,BOSTON,2115,"1,603,300.00",1/1/2021,-71.0850109,42.3455061
51.0,ST GERMAIN ST,BOSTON,2115,"1,253,846.00",1/1/2021,-71.08499139999999,42.3455108
53.0,ST GERMAIN ST,BOSTON,2115,"1,253,846.00",1/1/2021,-71.0849102,42.3454877
55.0,ST GERMAIN ST,BOSTON,2115,"1,253,846.00",1/1/2021,-71.0848405,42.3454758
57.0,ST GERMAIN ST,BOSTON,2115,"1,253,846.00",1/1/2021,-71.0847593,42.3454712
59.0,ST GERMAIN ST,BOSTON,2115,"1,253,846.00",1/1/2021,-71.0846262,42.3454683
61.0,ST GERMAIN ST,BOSTON,2115,"1,253,846.00",1/1/2021,-71.0845916,42.3455108
63.0,ST GERMAIN ST,BOSTON,2115,"1,253,846.00",1/1/2021,-71.08453879999999,42.34544289999999
65.0,ST GERMAIN ST,BOSTON,2115,"1,253,846.00",1/1/2021,-71.0844807,42.3454237
67.0,ST GERMAIN ST,BOSTON,2115,"4,071,582.00",1/1/2021,-71.0842718,42.3453695
,DALTON ST,BOSTON,2115,,1/1/2021,-71.0931667,42.3592647
60.0,ST GERMAIN ST,BOSTON,2115,"1,685,854.00",1/1/2021,-71.0847361,42.34574569999999
58.0,ST GERMAIN ST,BOSTON,2115,"1,681,294.00",1/1/2021,-71.0847379,42.3457395
56.0,ST GERMAIN ST,BOSTON,2115,"1,358,714.00",1/1/2021,-71.08485209999999,42.3457098
54.0,ST GERMAIN ST,BOSTON,2115,"1,371,252.00",1/1/2021,-71.0849102,42.3457476
52.0,ST GERMAIN ST,BOSTON,2115,"1,344,500.00",1/1/2021,-71.08499139999999,42.3457336
50.0,ST GERMAIN ST,BOSTON,2115,"1,416,800.00",1/1/2021,-71.0850495,42.3457714
48.0,ST GERMAIN ST,BOSTON,2115,"1,367,832.00",1/1/2021,-71.0851307,42.3457945
46.0,ST GERMAIN ST,BOSTON,2115,"1,551,800.00",1/1/2021,-71.08521189999999,42.3457991
44.0,ST GERMAIN ST,BOSTON,2115,"1,367,832.00",1/1/2021,-71.08527,42.3458183
42.0,ST GERMAIN ST,BOSTON,2115,"1,367,832.00",1/1/2021,-71.08535119999999,42.3458228
40.0,ST GERMAIN ST,BOSTON,2115,"1,367,832.00",1/1/2021,-71.0854092,42.345842
38.0,ST GERMAIN ST,BOSTON,2115,"1,367,832.00",1/1/2021,-71.0855021,42.3458207
36.0,ST GERMAIN ST,BOSTON,2115,"1,367,832.00",1/1/2021,-71.0855833,42.3458439
34.0,ST GERMAIN ST,BOSTON,2115,"1,367,832.00",1/1/2021,-71.0856414,42.3458445
32.0,ST GERMAIN ST,BOSTON,2115,"1,367,832.00",1/1/2021,-71.0856994,42.3458822
30.0,ST GERMAIN ST,BOSTON,2115,"1,367,832.00",1/1/2021,-71.08578059999999,42.3459054
28.0,ST GERMAIN ST,BOSTON,2115,"1,367,832.00",1/1/2021,-71.0858619,42.34591
26.0,ST GERMAIN ST,BOSTON,2115,"1,367,832.00",1/1/2021,-71.0859199,42.3459291
24.0,ST GERMAIN ST,BOSTON,2115,"1,367,832.00",1/1/2021,-71.08601279999999,42.3459078
22.0,ST GERMAIN ST,BOSTON,2115,"1,367,832.00",1/1/2021,-71.0860719,42.3459352
20.0,ST GERMAIN ST,BOSTON,2115,"1,367,832.00",1/1/2021,-71.086152,42.34593160000001
18.0,ST GERMAIN ST,BOSTON,2115,"1,367,832.00",1/1/2021,-71.0862101,42.3459693
16.0,ST GERMAIN ST,BOSTON,2115,"1,367,832.00",1/1/2021,-71.0862913,42.3459554
14.0,ST GERMAIN ST,BOSTON,2115,"1,367,832.00",1/1/2021,-71.08637259999999,42.3459785
12.0,ST GERMAIN ST,BOSTON,2115,"1,367,832.00",1/1/2021,-71.0864306,42.3459791
10.0,ST GERMAIN ST,BOSTON,2115,"1,367,832.00",1/1/2021,-71.0865118,42.34600229999999
8.0,ST GERMAIN ST,BOSTON,2115,"1,310,839.00",1/1/2021,-71.0865815,42.3460141
161.0,ST BOTOLPH ST,BOSTON,"2,115.00","3,261,100.00",1/1/2022,-71.0828646,42.3434138
169.0,ST BOTOLPH ST,BOSTON,"2,115.00","2,657,000.00",1/1/2022,-71.08294579999999,42.3433813
171.0,ST BOTOLPH ST,BOSTON,"2,115.00","1,856,600.00",1/1/2022,-71.0829923,42.3433149
173.0,ST BOTOLPH ST,BOSTON,"2,115.00","2,112,300.00",1/1/2022,-71.0830735,42.3432823
175.0,ST BOTOLPH ST,BOSTON,"2,115.00",0.00,1/1/2022,-71.0831264,42.3432823
175.0,ST BOTOLPH ST,BOSTON,"2,115.00","784,500.00",1/1/2022,-71.0831264,42.3432823
175.0,ST BOTOLPH ST,BOSTON,"2,115.00","814,900.00",1/1/2022,-71.0831264,42.3432823
175.0,ST BOTOLPH ST,BOSTON,"2,115.00","904,900.00",1/1/2022,-71.0831264,42.3432823
175.0,ST BOTOLPH ST,BOSTON,"2,115.00","1,014,900.00",1/1/2022,-71.0831264,42.3432823
177.0,ST BOTOLPH ST,BOSTON,"2,115.00","2,746,800.00",1/1/2022,-71.0831315,42.3432644
179.0,ST BOTOLPH ST,BOSTON,"2,115.00","2,316,100.00",1/1/2022,-71.08322439999999,42.3431688
181.0,ST BOTOLPH ST,BOSTON,"2,115.00",0.00,1/1/2022,-71.08322439999999,42.34309469999999
181.0,ST BOTOLPH ST,BOSTON,"2,115.00","521,300.00",1/1/2022,-71.08322439999999,42.34309469999999
181.0,ST BOTOLPH ST,BOSTON,"2,115.00","473,300.00",1/1/2022,-71.08322439999999,42.34309469999999
181.0,ST BOTOLPH ST,BOSTON,"2,115.00","577,700.00",1/1/2022,-71.08322439999999,42.34309469999999
181.0,ST BOTOLPH ST,BOSTON,"2,115.00","478,100.00",1/1/2022,-71.08322439999999,42.34309469999999
181.0,ST BOTOLPH ST,BOSTON,"2,115.00","592,900.00",1/1/2022,-71.08322439999999,42.34309469999999
181.0,ST BOTOLPH ST,BOSTON,"2,115.00","804,900.00",1/1/2022,-71.08322439999999,42.34309469999999
183.0,ST BOTOLPH ST,BOSTON,"2,115.00","2,101,100.00",1/1/2022,-71.0832326,42.34305459999999
185.0,ST BOTOLPH ST,BOSTON,"2,115.00","2,890,400.00",1/1/2022,-71.0833966,42.3431416
187.0,ST BOTOLPH ST,BOSTON,"2,115.00","2,561,500.00",1/1/2022,-71.08336369999999,42.3429698
189.0,ST BOTOLPH ST,BOSTON,"2,115.00","2,838,400.00",1/1/2022,-71.0834565,42.3429486
191.0,ST BOTOLPH ST,BOSTON,"2,115.00",0.00,1/1/2022,-71.0835029,42.3428822
191.0,ST BOTOLPH ST,BOSTON,"2,115.00","880,000.00",1/1/2022,-71.0835029,42.3428822
191.0,ST BOTOLPH ST,BOSTON,"2,115.00","924,000.00",1/1/2022,-71.0835029,42.3428822
191.0,ST BOTOLPH ST,BOSTON,"2,115.00","1,056,000.00",1/1/2022,-71.0835029,42.3428822
191.0,ST BOTOLPH ST,BOSTON,"2,115.00","872,700.00",1/1/2022,-71.0835029,42.3428822
193.0,ST BOTOLPH ST,BOSTON,"2,115.00",0.00,1/1/2022,-71.0835732,42.3428601
193.0,ST BOTOLPH ST,BOSTON,"2,115.00","859,300.00",1/1/2022,-71.0835732,42.3428601
193.0,ST BOTOLPH ST,BOSTON,"2,115.00","863,800.00",1/1/2022,-71.0835732,42.3428601
193.0,ST BOTOLPH ST,BOSTON,"2,115.00","971,100.00",1/1/2022,-71.0835732,42.3428601
193.0,ST BOTOLPH ST,BOSTON,"2,115.00","1,011,800.00",1/1/2022,-71.0835732,42.3428601
193.0,ST BOTOLPH ST,BOSTON,"2,115.00","1,317,900.00",1/1/2022,-71.0835732,42.3428601
195.0,ST BOTOLPH ST,BOSTON,"2,115.00",0.00,1/1/2022,-71.0835474,42.3427803
195.0,ST BOTOLPH ST,BOSTON,"2,115.00","612,100.00",1/1/2022,-71.0835474,42.3427803
195.0,ST BOTOLPH ST,BOSTON,"2,115.00","828,500.00",1/1/2022,-71.0835474,42.3427803
195.0,ST BOTOLPH ST,BOSTON,"2,115.00","837,800.00",1/1/2022,-71.0835474,42.3427803
195.0,ST BOTOLPH ST,BOSTON,"2,115.00","778,900.00",1/1/2022,-71.0835474,42.3427803
195.0,ST BOTOLPH ST,BOSTON,"2,115.00","1,073,100.00",1/1/2022,-71.0835474,42.3427803
197.0,ST BOTOLPH ST,BOSTON,"2,115.00",0.00,1/1/2022,-71.083677,42.3427726
197.0,ST BOTOLPH ST,BOSTON,"2,115.00","675,500.00",1/1/2022,-71.083677,42.3427726
197.0,ST BOTOLPH ST,BOSTON,"2,115.00","629,200.00",1/1/2022,-71.083677,42.3427726
197.0,ST BOTOLPH ST,BOSTON,"2,115.00","593,500.00",1/1/2022,-71.083677,42.3427726
197.0,ST BOTOLPH ST,BOSTON,"2,115.00","823,400.00",1/1/2022,-71.083677,42.3427726
197.0,ST BOTOLPH ST,BOSTON,"2,115.00","868,000.00",1/1/2022,-71.083677,42.3427726
197.0,ST BOTOLPH ST,BOSTON,"2,115.00","1,123,500.00",1/1/2022,-71.083677,42.3427726
199.0,ST BOTOLPH ST,BOSTON,"2,115.00","4,532,500.00",1/1/2022,-71.083772,42.342762
15.0,ST GERMAIN ST,BOSTON,2115,"1,644,600",1/1/2022,-71.0863842,42.3457113
17.0,ST GERMAIN ST,BOSTON,2115,"1,237,999",1/1/2022,-71.0862913,42.34569550000001
19.0,ST GERMAIN ST,BOSTON,2115,"1,237,999",1/1/2022,-71.08601279999999,42.3456479
21.0,ST GERMAIN ST,BOSTON,2115,"1,237,999",1/1/2022,-71.0861408,42.3456682
23.0,ST GERMAIN ST,BOSTON,2115,"1,237,999",1/1/2022,-71.08606619999999,42.3456575
25.0,ST GERMAIN ST,BOSTON,2115,"1,237,999",1/1/2022,-71.0859931,42.3456474
27.0,ST GERMAIN ST,BOSTON,2115,"1,451,100",1/1/2022,-71.0859199,42.3456321
29.0,ST GERMAIN ST,BOSTON,2115,"1,392,185",1/1/2022,-71.0858271,42.3456534
31.0,ST GERMAIN ST,BOSTON,2115,"1,392,185",1/1/2022,-71.085769,42.3456156
33.0,ST GERMAIN ST,BOSTON,2115,"1,392,185",1/1/2022,-71.0856878,42.3455925
35.0,ST GERMAIN ST,BOSTON,2115,"1,392,185",1/1/2022,-71.0855949,42.3455767
37.0,ST GERMAIN ST,BOSTON,2115,"1,393,312",1/1/2022,-71.0855021,42.345598
39.0,ST GERMAIN ST,BOSTON,2115,"1,392,185",1/1/2022,-71.0854441,42.3455602
41.0,ST GERMAIN ST,BOSTON,2115,"1,392,185",1/1/2022,-71.0853628,42.3455371
43.0,ST GERMAIN ST,BOSTON,2115,"1,237,999",1/1/2022,-71.08527,42.3455584
45.0,ST GERMAIN ST,BOSTON,2115,"1,237,999",1/1/2022,-71.08521189999999,42.3455392
47.0,ST GERMAIN ST,BOSTON,2115,"1,237,999",1/1/2022,-71.08508429999999,42.3455267
49.0,ST GERMAIN ST,BOSTON,2115,"1,683,500",1/1/2022,-71.0850109,42.3455061
51.0,ST GERMAIN ST,BOSTON,2115,"1,237,999",1/1/2022,-71.08499139999999,42.3455108
53.0,ST GERMAIN ST,BOSTON,2115,"1,237,999",1/1/2022,-71.0849102,42.3454877
55.0,ST GERMAIN ST,BOSTON,2115,"1,237,999",1/1/2022,-71.0848405,42.3454758
57.0,ST GERMAIN ST,BOSTON,2115,"1,237,999",1/1/2022,-71.0847593,42.3454712
59.0,ST GERMAIN ST,BOSTON,2115,"1,237,999",1/1/2022,-71.0846262,42.3454683
61.0,ST GERMAIN ST,BOSTON,2115,"1,237,999",1/1/2022,-71.0845916,42.3455108
63.0,ST GERMAIN ST,BOSTON,2115,"1,237,999",1/1/2022,-71.08453879999999,42.34544289999999
65.0,ST GERMAIN ST,BOSTON,2115,"1,237,999",1/1/2022,-71.0844807,42.3454237
67.0,ST GERMAIN ST,BOSTON,2115,"4,020,121",1/1/2022,-71.0842718,42.3453695
60.0,ST GERMAIN ST,BOSTON,2115,"1,664,546",1/1/2022,-71.0847361,42.34574569999999
58.0,ST GERMAIN ST,BOSTON,2115,"1,660,044",1/1/2022,-71.0847379,42.3457395
56.0,ST GERMAIN ST,BOSTON,2115,"1,341,541",1/1/2022,-71.08485209999999,42.3457098
54.0,ST GERMAIN ST,BOSTON,2115,"1,353,920",1/1/2022,-71.0849102,42.3457476
52.0,ST GERMAIN ST,BOSTON,2115,"1,351,400",1/1/2022,-71.08499139999999,42.3457336
50.0,ST GERMAIN ST,BOSTON,2115,"1,487,700",1/1/2022,-71.0850495,42.3457714
48.0,ST GERMAIN ST,BOSTON,2115,"1,350,544",1/1/2022,-71.0851307,42.3457945
46.0,ST GERMAIN ST,BOSTON,2115,"1,629,400",1/1/2022,-71.08521189999999,42.3457991
44.0,ST GERMAIN ST,BOSTON,2115,"1,350,544",1/1/2022,-71.08527,42.3458183
42.0,ST GERMAIN ST,BOSTON,2115,"1,350,544",1/1/2022,-71.08535119999999,42.3458228
40.0,ST GERMAIN ST,BOSTON,2115,"1,350,544",1/1/2022,-71.0854092,42.345842
38.0,ST GERMAIN ST,BOSTON,2115,"1,350,544",1/1/2022,-71.0855021,42.3458207
36.0,ST GERMAIN ST,BOSTON,2115,"1,350,544",1/1/2022,-71.0855833,42.3458439
34.0,ST GERMAIN ST,BOSTON,2115,"1,350,544",1/1/2022,-71.0856414,42.3458445
32.0,ST GERMAIN ST,BOSTON,2115,"1,350,544",1/1/2022,-71.0856994,42.3458822
30.0,ST GERMAIN ST,BOSTON,2115,"1,350,544",1/1/2022,-71.08578059999999,42.3459054
28.0,ST GERMAIN ST,BOSTON,2115,"1,350,544",1/1/2022,-71.0858619,42.34591
26.0,ST GERMAIN ST,BOSTON,2115,"1,350,544",1/1/2022,-71.0859199,42.3459291
24.0,ST GERMAIN ST,BOSTON,2115,"1,350,544",1/1/2022,-71.08601279999999,42.3459078
22.0,ST GERMAIN ST,BOSTON,"2,115.00","1,350,544.00",1/1/2022,-71.0860719,42.3459352
20.0,ST GERMAIN ST,BOSTON,"2,115.00","1,350,544.00",1/1/2022,-71.086152,42.34593160000001
18.0,ST GERMAIN ST,BOSTON,"2,115.00","1,350,544.00",1/1/2022,-71.0862101,42.3459693
16.0,ST GERMAIN ST,BOSTON,"2,115.00","1,350,544.00",1/1/2022,-71.0862913,42.3459554
14.0,ST GERMAIN ST,BOSTON,"2,115.00","1,350,544.00",1/1/2022,-71.08637259999999,42.3459785
12.0,ST GERMAIN ST,BOSTON,"2,115.00","1,350,544.00",1/1/2022,-71.0864306,42.3459791
10.0,ST GERMAIN ST,BOSTON,"2,115.00","1,350,544.00",1/1/2022,-71.0865118,42.34600229999999
8.0,ST GERMAIN ST,BOSTON,"2,115.00","1,294,271.00",1/1/2022,-71.0865815,42.3460141
161.0,St Botolph ST,BOSTON,2115,3496200,1/1/2023,-71.0828646,42.3434138
169.0,St Botolph ST,BOSTON,2115,2738800,1/1/2023,-71.08294579999999,42.3433813
171.0,St Botolph ST,BOSTON,2115,1856600,1/1/2023,-71.0829923,42.3433149
173.0,St Botolph ST,BOSTON,2115,2193600,1/1/2023,-71.0830735,42.3432823
175.0,St Botolph ST,BOSTON,2115,0,1/1/2023,-71.0831264,42.3432823
175.0,St Botolph ST,BOSTON,2115,823700,1/1/2023,-71.0831264,42.3432823
175.0,St Botolph ST,BOSTON,2115,855700,1/1/2023,-71.0831264,42.3432823
175.0,St Botolph ST,BOSTON,2115,950200,1/1/2023,-71.0831264,42.3432823
175.0,St Botolph ST,BOSTON,2115,1065600,1/1/2023,-71.0831264,42.3432823
177.0,St Botolph ST,BOSTON,2115,2829900,1/1/2023,-71.0831315,42.3432644
179.0,St Botolph ST,BOSTON,2115,2458000,1/1/2023,-71.08322439999999,42.3431688
181.0,St Botolph ST,BOSTON,2115,0,1/1/2023,-71.08322439999999,42.34309469999999
181.0,St Botolph ST,BOSTON,2115,547400,1/1/2023,-71.08322439999999,42.34309469999999
181.0,St Botolph ST,BOSTON,2115,497000,1/1/2023,-71.08322439999999,42.34309469999999
181.0,St Botolph ST,BOSTON,2115,606600,1/1/2023,-71.08322439999999,42.34309469999999
181.0,St Botolph ST,BOSTON,2115,502000,1/1/2023,-71.08322439999999,42.34309469999999
181.0,St Botolph ST,BOSTON,2115,622500,1/1/2023,-71.08322439999999,42.34309469999999
181.0,St Botolph ST,BOSTON,2115,845100,1/1/2023,-71.08322439999999,42.34309469999999
183.0,St Botolph ST,BOSTON,2115,2176300,1/1/2023,-71.0832326,42.34305459999999
185.0,St Botolph ST,BOSTON,2115,2979500,1/1/2023,-71.0833966,42.3431416
187.0,St Botolph ST,BOSTON,2115,2711300,1/1/2023,-71.08336369999999,42.3429698
189.0,St Botolph ST,BOSTON,2115,2923200,1/1/2023,-71.0834565,42.3429486
191.0,St Botolph ST,BOSTON,2115,0,1/1/2023,-71.0835029,42.3428822
191.0,St Botolph ST,BOSTON,2115,924000,1/1/2023,-71.0835029,42.3428822
191.0,St Botolph ST,BOSTON,2115,970200,1/1/2023,-71.0835029,42.3428822
191.0,St Botolph ST,BOSTON,2115,1108800,1/1/2023,-71.0835029,42.3428822
191.0,St Botolph ST,BOSTON,2115,916300,1/1/2023,-71.0835029,42.3428822
193.0,St Botolph ST,BOSTON,2115,0,1/1/2023,-71.0835732,42.3428601
193.0,St Botolph ST,BOSTON,2115,890900,1/1/2023,-71.0835732,42.3428601
193.0,St Botolph ST,BOSTON,2115,907000,1/1/2023,-71.0835732,42.3428601
193.0,St Botolph ST,BOSTON,2115,1019600,1/1/2023,-71.0835732,42.3428601
193.0,St Botolph ST,BOSTON,2115,1062400,1/1/2023,-71.0835732,42.3428601
193.0,St Botolph ST,BOSTON,2115,1383800,1/1/2023,-71.0835732,42.3428601
195.0,St Botolph ST,BOSTON,2115,0,1/1/2023,-71.0835474,42.3427803
195.0,St Botolph ST,BOSTON,2115,642700,1/1/2023,-71.0835474,42.3427803
195.0,St Botolph ST,BOSTON,2115,869900,1/1/2023,-71.0835474,42.3427803
195.0,St Botolph ST,BOSTON,2115,879700,1/1/2023,-71.0835474,42.3427803
195.0,St Botolph ST,BOSTON,2115,817900,1/1/2023,-71.0835474,42.3427803
195.0,St Botolph ST,BOSTON,2115,1126800,1/1/2023,-71.0835474,42.3427803
197.0,St Botolph ST,BOSTON,2115,0,1/1/2023,-71.083677,42.3427726
197.0,St Botolph ST,BOSTON,2115,709300,1/1/2023,-71.083677,42.3427726
197.0,St Botolph ST,BOSTON,2115,660700,1/1/2023,-71.083677,42.3427726
197.0,St Botolph ST,BOSTON,2115,623100,1/1/2023,-71.083677,42.3427726
197.0,St Botolph ST,BOSTON,2115,864500,1/1/2023,-71.083677,42.3427726
197.0,St Botolph ST,BOSTON,2115,911400,1/1/2023,-71.083677,42.3427726
197.0,St Botolph ST,BOSTON,2115,1179700,1/1/2023,-71.083677,42.3427726
199.0,St Botolph ST,BOSTON,2115,4798600,1/1/2023,-71.083772,42.342762
15.0,ST GERMAIN ST,BOSTON,2115,1694800,1/1/2023,-71.0863842,42.3457113
17.0,ST GERMAIN ST,BOSTON,2115,1276157,1/1/2023,-71.0862913,42.34569550000001
19.0,ST GERMAIN ST,BOSTON,2115,1276157,1/1/2023,-71.08601279999999,42.3456479
21.0,ST GERMAIN ST,BOSTON,2115,1276157,1/1/2023,-71.0861408,42.3456682
23.0,ST GERMAIN ST,BOSTON,2115,1276157,1/1/2023,-71.08606619999999,42.3456575
25.0,ST GERMAIN ST,BOSTON,2115,1276157,1/1/2023,-71.0859931,42.3456474
27.0,ST GERMAIN ST,BOSTON,2115,1548100,1/1/2023,-71.0859199,42.3456321
29.0,ST GERMAIN ST,BOSTON,2115,1435096,1/1/2023,-71.0858271,42.3456534
31.0,ST GERMAIN ST,BOSTON,2115,1435096,1/1/2023,-71.085769,42.3456156
33.0,ST GERMAIN ST,BOSTON,2115,1435096,1/1/2023,-71.0856878,42.3455925
35.0,ST GERMAIN ST,BOSTON,2115,1435096,1/1/2023,-71.0855949,42.3455767
37.0,ST GERMAIN ST,BOSTON,2115,1436257,1/1/2023,-71.0855021,42.345598
39.0,ST GERMAIN ST,BOSTON,2115,1435096,1/1/2023,-71.0854441,42.3455602
41.0,ST GERMAIN ST,BOSTON,2115,1435096,1/1/2023,-71.0853628,42.3455371
43.0,ST GERMAIN ST,BOSTON,2115,1276157,1/1/2023,-71.08527,42.3455584
45.0,ST GERMAIN ST,BOSTON,2115,1276157,1/1/2023,-71.08521189999999,42.3455392
47.0,ST GERMAIN ST,BOSTON,2115,1276157,1/1/2023,-71.08508429999999,42.3455267
49.0,ST GERMAIN ST,BOSTON,2115,1734800,1/1/2023,-71.0850109,42.3455061
51.0,ST GERMAIN ST,BOSTON,2115,1276157,1/1/2023,-71.08499139999999,42.3455108
53.0,ST GERMAIN ST,BOSTON,2115,1276157,1/1/2023,-71.0849102,42.3454877
55.0,ST GERMAIN ST,BOSTON,2115,1276157,1/1/2023,-71.0848405,42.3454758
57.0,ST GERMAIN ST,BOSTON,2115,1276157,1/1/2023,-71.0847593,42.3454712
59.0,ST GERMAIN ST,BOSTON,2115,1276157,1/1/2023,-71.0846262,42.3454683
61.0,ST GERMAIN ST,BOSTON,2115,1276157,1/1/2023,-71.0845916,42.3455108
63.0,ST GERMAIN ST,BOSTON,2115,1276157,1/1/2023,-71.08453879999999,42.34544289999999
65.0,ST GERMAIN ST,BOSTON,2115,1276157,1/1/2023,-71.0844807,42.3454237
67.0,ST GERMAIN ST,BOSTON,2115,4144030,1/1/2023,-71.0842718,42.3453695
,Dalton ST,BOSTON,2115,0,1/1/2023,-71.0931667,42.3592647
60.0,ST GERMAIN ST,BOSTON,2115,1715852,1/1/2023,-71.0847361,42.34574569999999
58.0,ST GERMAIN ST,BOSTON,2115,1711210,1/1/2023,-71.0847379,42.3457395
56.0,ST GERMAIN ST,BOSTON,2115,1382890,1/1/2023,-71.08485209999999,42.3457098
54.0,ST GERMAIN ST,BOSTON,2115,1395651,1/1/2023,-71.0849102,42.3457476
52.0,ST GERMAIN ST,BOSTON,2115,1434500,1/1/2023,-71.08499139999999,42.3457336
50.0,ST GERMAIN ST,BOSTON,2115,1533000,1/1/2023,-71.0850495,42.3457714
48.0,ST GERMAIN ST,BOSTON,2115,1392171,1/1/2023,-71.0851307,42.3457945
46.0,ST GERMAIN ST,BOSTON,2115,1679000,1/1/2023,-71.08521189999999,42.3457991
44.0,ST GERMAIN ST,BOSTON,2115,1392171,1/1/2023,-71.08527,42.3458183
42.0,ST GERMAIN ST,BOSTON,2115,1392171,1/1/2023,-71.08535119999999,42.3458228
40.0,ST GERMAIN ST,BOSTON,2115,1392171,1/1/2023,-71.0854092,42.345842
38.0,ST GERMAIN ST,BOSTON,2115,1392171,1/1/2023,-71.0855021,42.3458207
36.0,ST GERMAIN ST,BOSTON,2115,1392171,1/1/2023,-71.0855833,42.3458439
34.0,ST GERMAIN ST,BOSTON,2115,1392171,1/1/2023,-71.0856414,42.3458445
32.0,ST GERMAIN ST,BOSTON,2115,1392171,1/1/2023,-71.0856994,42.3458822
30.0,ST GERMAIN ST,BOSTON,2115,1392171,1/1/2023,-71.08578059999999,42.3459054
28.0,ST GERMAIN ST,BOSTON,2115,1392171,1/1/2023,-71.0858619,42.34591
26.0,ST GERMAIN ST,BOSTON,2115,1392171,1/1/2023,-71.0859199,42.3459291
24.0,ST GERMAIN ST,BOSTON,2115,1392171,1/1/2023,-71.08601279999999,42.3459078
22.0,ST GERMAIN ST,BOSTON,2115,1392171,1/1/2023,-71.0860719,42.3459352
20.0,ST GERMAIN ST,BOSTON,2115,1392171,1/1/2023,-71.086152,42.34593160000001
18.0,ST GERMAIN ST,BOSTON,2115,1392171,1/1/2023,-71.0862101,42.3459693
16.0,ST GERMAIN ST,BOSTON,2115,1392171,1/1/2023,-71.0862913,42.3459554
14.0,ST GERMAIN ST,BOSTON,2115,1392171,1/1/2023,-71.08637259999999,42.3459785
12.0,ST GERMAIN ST,BOSTON,2115,1392171,1/1/2023,-71.0864306,42.3459791
10.0,ST GERMAIN ST,BOSTON,2115,1392171,1/1/2023,-71.0865118,42.34600229999999
8.0,ST GERMAIN ST,BOSTON,2115,1334164,1/1/2023,-71.0865815,42.3460141
