,ST_NUM,ST_NAME,mapboxid,TOTAL_VALUE,yr,PercentChg
0,203,ST BOTOLPH ST,405404594,676500,2010,0.0
1,201,ST BOTOLPH ST,405404621,574300,2010,0.0
2,199,ST BOTOLPH ST,405404698,2249885,2010,0.0
3,197,ST BOTOLPH ST,405404570,692100,2010,0.0
4,195,ST BOTOLPH ST,405404611,588700,2010,0.0
5,193,ST BOTOLPH ST,405404635,695600,2010,0.0
6,191,ST BOTOLPH ST,405404564,601400,2010,0.0
7,189,ST BOTOLPH ST,405404609,1745500,2010,0.0
8,187,ST BOTOLPH ST,405404633,1233500,2010,0.0
9,185,ST BOTOLPH ST,405404607,1371500,2010,0.0
10,183,ST BOTOLPH ST,405404568,1139000,2010,0.0
11,181,ST BOTOLPH ST,405404658,491800,2010,0.0
12,179,ST BOTOLPH ST,405404614,1068000,2010,0.0
13,177,ST BOTOLPH ST,405404590,1257000,2010,0.0
14,175,ST BOTOLPH ST,405404663,714500,2010,0.0
15,173,ST BOTOLPH ST,405404639,948500,2010,0.0
16,171,ST BOTOLPH ST,405404643,839000,2010,0.0
17,169,ST BOTOLPH ST,405404619,1257000,2010,0.0
18,161,ST BOTOLPH ST,405404575,1507000,2010,0.0
19,15,ST GERMAIN ST,9668799,791100,2010,0.0
20,17,ST GERMAIN ST,9668798,688414,2010,0.0
21,19,ST GERMAIN ST,9668797,688414,2010,0.0
22,21,ST GERMAIN ST,9668796,688414,2010,0.0
23,23,ST GERMAIN ST,9668795,688414,2010,0.0
24,25,ST GERMAIN ST,9668794,688414,2010,0.0
25,27,ST GERMAIN ST,9668793,772500,2010,0.0
26,29,ST GERMAIN ST,9668792,773540,2010,0.0
27,31,ST GERMAIN ST,9668791,773540,2010,0.0
28,33,ST GERMAIN ST,9668790,773540,2010,0.0
29,35,ST GERMAIN ST,9668789,773540,2010,0.0
30,37,ST GERMAIN ST,9668788,773540,2010,0.0
31,39,ST GERMAIN ST,9668787,773540,2010,0.0
32,41,ST GERMAIN ST,9668786,773540,2010,0.0
33,43,ST GERMAIN ST,9668785,688414,2010,0.0
34,45,ST GERMAIN ST,9668784,688414,2010,0.0
35,47,ST GERMAIN ST,9668783,688414,2010,0.0
36,49,ST GERMAIN ST,9668782,632900,2010,0.0
37,51,ST GERMAIN ST,9668781,688414,2010,0.0
38,53,ST GERMAIN ST,9668780,688414,2010,0.0
39,55,ST GERMAIN ST,9668779,688414,2010,0.0
40,57,ST GERMAIN ST,9668778,688414,2010,0.0
41,59,ST GERMAIN ST,9668777,688414,2010,0.0
42,61,ST GERMAIN ST,9668776,688414,2010,0.0
43,63,ST GERMAIN ST,9668775,688414,2010,0.0
44,65,ST GERMAIN ST,9668774,688414,2010,0.0
45,67,ST GERMAIN ST,9668773,2235493,2010,0.0
46,8,ST GERMAIN ST,9668772,718023,2010,0.0
47,10,ST GERMAIN ST,9668771,751333,2010,0.0
48,12,ST GERMAIN ST,9668770,751333,2010,0.0
49,14,ST GERMAIN ST,9668769,751333,2010,0.0
50,16,ST GERMAIN ST,9668768,751333,2010,0.0
51,18,ST GERMAIN ST,9668767,751333,2010,0.0
52,20,ST GERMAIN ST,9668766,751333,2010,0.0
53,22,ST GERMAIN ST,9668765,751333,2010,0.0
54,24,ST GERMAIN ST,9668764,751333,2010,0.0
55,26,ST GERMAIN ST,9668763,751333,2010,0.0
56,28,ST GERMAIN ST,9668762,751333,2010,0.0
57,30,ST GERMAIN ST,9668761,751333,2010,0.0
58,32,ST GERMAIN ST,9668760,751333,2010,0.0
59,34,ST GERMAIN ST,9668759,751333,2010,0.0
60,36,ST GERMAIN ST,9668758,751333,2010,0.0
61,38,ST GERMAIN ST,9668757,751333,2010,0.0
62,40,ST GERMAIN ST,9668756,751333,2010,0.0
63,42,ST GERMAIN ST,9668755,751333,2010,0.0
64,44,ST GERMAIN ST,9668754,751333,2010,0.0
65,46,ST GERMAIN ST,9668753,720900,2010,0.0
66,48,ST GERMAIN ST,9668752,751333,2010,0.0
67,50,ST GERMAIN ST,9668751,651500,2010,0.0
68,52,ST GERMAIN ST,9668750,801500,2010,0.0
69,54,ST GERMAIN ST,9668749,751333,2010,0.0
70,56,ST GERMAIN ST,9668748,747633,2010,0.0
71,58,ST GERMAIN ST,15666798,921587,2010,0.0
72,60,ST GERMAIN ST,15666797,925288,2010,0.0
73,203,ST BOTOLPH ST,405404594,676500,2011,0.0
74,201,ST BOTOLPH ST,405404621,574300,2011,0.0
75,199,ST BOTOLPH ST,405404698,2294820,2011,0.019972131908964234
76,197,ST BOTOLPH ST,405404570,692100,2011,0.0
77,195,ST BOTOLPH ST,405404611,619900,2011,0.05299813147613385
78,193,ST BOTOLPH ST,405404635,695600,2011,0.0
79,191,ST BOTOLPH ST,405404564,601400,2011,0.0
80,189,ST BOTOLPH ST,405404609,1706000,2011,-0.022629619020338013
81,187,ST BOTOLPH ST,405404633,1205500,2011,-0.022699635184434536
82,185,ST BOTOLPH ST,405404607,1340000,2011,-0.022967553773240976
83,183,ST BOTOLPH ST,405404568,1114000,2011,-0.021949078138718173
84,181,ST BOTOLPH ST,405404658,491800,2011,0.0
85,179,ST BOTOLPH ST,405404614,1045000,2011,-0.02153558052434457
86,177,ST BOTOLPH ST,405404590,1228500,2011,-0.022673031026252982
87,175,ST BOTOLPH ST,405404663,649600,2011,-0.09083275017494752
88,173,ST BOTOLPH ST,405404639,926500,2011,-0.02319451765946231
89,171,ST BOTOLPH ST,405404643,847000,2011,0.009535160905840286
90,169,ST BOTOLPH ST,405404619,1228500,2011,-0.022673031026252982
91,161,ST BOTOLPH ST,405404575,1537200,2011,0.020039814200398142
92,15,ST GERMAIN ST,9668799,783100,2011,-0.010112501580078372
93,17,ST GERMAIN ST,9668798,671795,2011,-0.024140996551493724
94,19,ST GERMAIN ST,9668797,671795,2011,-0.024140996551493724
95,21,ST GERMAIN ST,9668796,671795,2011,-0.024140996551493724
96,23,ST GERMAIN ST,9668795,671795,2011,-0.024140996551493724
97,25,ST GERMAIN ST,9668794,671795,2011,-0.024140996551493724
98,27,ST GERMAIN ST,9668793,834400,2011,0.0801294498381877
99,29,ST GERMAIN ST,9668792,754866,2011,-0.024140962329032758
100,31,ST GERMAIN ST,9668791,754866,2011,-0.024140962329032758
101,33,ST GERMAIN ST,9668790,754866,2011,-0.024140962329032758
102,35,ST GERMAIN ST,9668789,754866,2011,-0.024140962329032758
103,37,ST GERMAIN ST,9668788,754866,2011,-0.024140962329032758
104,39,ST GERMAIN ST,9668787,754866,2011,-0.024140962329032758
105,41,ST GERMAIN ST,9668786,754866,2011,-0.024140962329032758
106,43,ST GERMAIN ST,9668785,671795,2011,-0.024140996551493724
107,45,ST GERMAIN ST,9668784,671795,2011,-0.024140996551493724
108,47,ST GERMAIN ST,9668783,671795,2011,-0.024140996551493724
109,49,ST GERMAIN ST,9668782,626600,2011,-0.009954179175225154
110,51,ST GERMAIN ST,9668781,671795,2011,-0.024140996551493724
111,53,ST GERMAIN ST,9668780,671795,2011,-0.024140996551493724
112,55,ST GERMAIN ST,9668779,671795,2011,-0.024140996551493724
113,57,ST GERMAIN ST,9668778,671795,2011,-0.024140996551493724
114,59,ST GERMAIN ST,9668777,671795,2011,-0.024140996551493724
115,61,ST GERMAIN ST,9668776,671795,2011,-0.024140996551493724
116,63,ST GERMAIN ST,9668775,671795,2011,-0.024140996551493724
117,65,ST GERMAIN ST,9668774,671795,2011,-0.024140996551493724
118,67,ST GERMAIN ST,9668773,2181526,2011,-0.024140983666690076
119,8,ST GERMAIN ST,9668772,700689,2011,-0.024141287953171418
120,10,ST GERMAIN ST,9668771,733195,2011,-0.024141093230298682
121,12,ST GERMAIN ST,9668770,733195,2011,-0.024141093230298682
122,14,ST GERMAIN ST,9668769,733195,2011,-0.024141093230298682
123,16,ST GERMAIN ST,9668768,733195,2011,-0.024141093230298682
124,18,ST GERMAIN ST,9668767,733195,2011,-0.024141093230298682
125,20,ST GERMAIN ST,9668766,733195,2011,-0.024141093230298682
126,22,ST GERMAIN ST,9668765,733195,2011,-0.024141093230298682
127,24,ST GERMAIN ST,9668764,733195,2011,-0.024141093230298682
128,26,ST GERMAIN ST,9668763,733195,2011,-0.024141093230298682
129,28,ST GERMAIN ST,9668762,733195,2011,-0.024141093230298682
130,30,ST GERMAIN ST,9668761,733195,2011,-0.024141093230298682
131,32,ST GERMAIN ST,9668760,733195,2011,-0.024141093230298682
132,34,ST GERMAIN ST,9668759,733195,2011,-0.024141093230298682
133,36,ST GERMAIN ST,9668758,733195,2011,-0.024141093230298682
134,38,ST GERMAIN ST,9668757,733195,2011,-0.024141093230298682
135,40,ST GERMAIN ST,9668756,733195,2011,-0.024141093230298682
136,42,ST GERMAIN ST,9668755,733195,2011,-0.024141093230298682
137,44,ST GERMAIN ST,9668754,733195,2011,-0.024141093230298682
138,46,ST GERMAIN ST,9668753,713600,2011,-0.010126231100013872
139,48,ST GERMAIN ST,9668752,733195,2011,-0.024141093230298682
140,50,ST GERMAIN ST,9668751,645000,2011,-0.009976976208749041
141,52,ST GERMAIN ST,9668750,775000,2011,-0.0330630068621335
142,54,ST GERMAIN ST,9668749,733195,2011,-0.024141093230298682
143,56,ST GERMAIN ST,9668748,729584,2011,-0.024141523983023758
144,58,ST GERMAIN ST,15666798,899339,2011,-0.02414096553011273
145,60,ST GERMAIN ST,15666797,902950,2011,-0.02414167264678673
146,203,ST BOTOLPH ST,405404594,676500,2012,0.0
147,201,ST BOTOLPH ST,405404621,574300,2012,0.0
148,199,ST BOTOLPH ST,405404698,2434375,2012,0.08199974665371786
149,197,ST BOTOLPH ST,405404570,692100,2012,0.0
150,195,ST BOTOLPH ST,405404611,619900,2012,0.05299813147613385
151,193,ST BOTOLPH ST,405404635,695600,2012,0.0
152,191,ST BOTOLPH ST,405404564,652800,2012,0.08546724309943465
153,189,ST BOTOLPH ST,405404609,1841500,2012,0.054998567745631624
154,187,ST BOTOLPH ST,405404633,1233500,2012,0.0
155,185,ST BOTOLPH ST,405404607,1371500,2012,0.0
156,183,ST BOTOLPH ST,405404568,1139000,2012,0.0
157,181,ST BOTOLPH ST,405404658,491700,2012,-0.00020333468889792598
158,179,ST BOTOLPH ST,405404614,1068000,2012,0.0
159,177,ST BOTOLPH ST,405404590,1257000,2012,0.0
160,175,ST BOTOLPH ST,405404663,621800,2012,-0.129741077676697
161,173,ST BOTOLPH ST,405404639,948500,2012,0.0
162,171,ST BOTOLPH ST,405404643,931500,2012,0.1102502979737783
163,169,ST BOTOLPH ST,405404619,1257000,2012,0.0
164,161,ST BOTOLPH ST,405404575,1630600,2012,0.08201725282017253
165,15,ST GERMAIN ST,9668799,783100,2012,-0.010112501580078372
166,17,ST GERMAIN ST,9668798,687363,2012,-0.0015266975976665205
167,19,ST GERMAIN ST,9668797,687363,2012,-0.0015266975976665205
168,21,ST GERMAIN ST,9668796,687363,2012,-0.0015266975976665205
169,23,ST GERMAIN ST,9668795,687363,2012,-0.0015266975976665205
170,25,ST GERMAIN ST,9668794,687363,2012,-0.0015266975976665205
171,27,ST GERMAIN ST,9668793,841000,2012,0.08867313915857605
172,29,ST GERMAIN ST,9668792,772359,2012,-0.0015267471623962561
173,31,ST GERMAIN ST,9668791,772359,2012,-0.0015267471623962561
174,33,ST GERMAIN ST,9668790,772359,2012,-0.0015267471623962561
175,35,ST GERMAIN ST,9668789,772359,2012,-0.0015267471623962561
176,37,ST GERMAIN ST,9668788,772359,2012,-0.0015267471623962561
177,39,ST GERMAIN ST,9668787,772359,2012,-0.0015267471623962561
178,41,ST GERMAIN ST,9668786,772359,2012,-0.0015267471623962561
179,43,ST GERMAIN ST,9668785,687363,2012,-0.0015266975976665205
180,45,ST GERMAIN ST,9668784,687363,2012,-0.0015266975976665205
181,47,ST GERMAIN ST,9668783,687363,2012,-0.0015266975976665205
182,49,ST GERMAIN ST,9668782,626600,2012,-0.009954179175225154
183,51,ST GERMAIN ST,9668781,687363,2012,-0.0015266975976665205
184,53,ST GERMAIN ST,9668780,687363,2012,-0.0015266975976665205
185,55,ST GERMAIN ST,9668779,687363,2012,-0.0015266975976665205
186,57,ST GERMAIN ST,9668778,687363,2012,-0.0015266975976665205
187,59,ST GERMAIN ST,9668777,687363,2012,-0.0015266975976665205
188,61,ST GERMAIN ST,9668776,687363,2012,-0.0015266975976665205
189,63,ST GERMAIN ST,9668775,687363,2012,-0.0015266975976665205
190,65,ST GERMAIN ST,9668774,687363,2012,-0.0015266975976665205
191,67,ST GERMAIN ST,9668773,2232081,2012,-0.001526285253409427
192,8,ST GERMAIN ST,9668772,716927,2012,-0.00152641349928902
193,10,ST GERMAIN ST,9668771,750186,2012,-0.001526620020683239
194,12,ST GERMAIN ST,9668770,750186,2012,-0.001526620020683239
195,14,ST GERMAIN ST,9668769,750186,2012,-0.001526620020683239
196,16,ST GERMAIN ST,9668768,750186,2012,-0.001526620020683239
197,18,ST GERMAIN ST,9668767,750186,2012,-0.001526620020683239
198,20,ST GERMAIN ST,9668766,750186,2012,-0.001526620020683239
199,22,ST GERMAIN ST,9668765,750186,2012,-0.001526620020683239
200,24,ST GERMAIN ST,9668764,750186,2012,-0.001526620020683239
201,26,ST GERMAIN ST,9668763,750186,2012,-0.001526620020683239
202,28,ST GERMAIN ST,9668762,750186,2012,-0.001526620020683239
203,30,ST GERMAIN ST,9668761,750186,2012,-0.001526620020683239
204,32,ST GERMAIN ST,9668760,750186,2012,-0.001526620020683239
205,34,ST GERMAIN ST,9668759,750186,2012,-0.001526620020683239
206,36,ST GERMAIN ST,9668758,750186,2012,-0.001526620020683239
207,38,ST GERMAIN ST,9668757,750186,2012,-0.001526620020683239
208,40,ST GERMAIN ST,9668756,750186,2012,-0.001526620020683239
209,42,ST GERMAIN ST,9668755,750186,2012,-0.001526620020683239
210,44,ST GERMAIN ST,9668754,750186,2012,-0.001526620020683239
211,46,ST GERMAIN ST,9668753,713600,2012,-0.010126231100013872
212,48,ST GERMAIN ST,9668752,750186,2012,-0.001526620020683239
213,50,ST GERMAIN ST,9668751,645000,2012,-0.009976976208749041
214,52,ST GERMAIN ST,9668750,792500,2012,-0.011228945726762321
215,54,ST GERMAIN ST,9668749,750186,2012,-0.001526620020683239
216,56,ST GERMAIN ST,9668748,746491,2012,-0.0015274874169545754
217,58,ST GERMAIN ST,15666798,920180,2012,-0.001526714244016029
218,60,ST GERMAIN ST,15666797,923875,2012,-0.0015270921053769206
219,203,ST BOTOLPH ST,405404594,728600,2013,0.0770140428677014
220,201,ST BOTOLPH ST,405404621,592600,2013,0.03186487898310987
221,199,ST BOTOLPH ST,405404698,2635100,2013,0.1712154176769035
222,197,ST BOTOLPH ST,405404570,713500,2013,0.030920387227279293
223,195,ST BOTOLPH ST,405404611,661900,2013,0.12434177000169866
224,193,ST BOTOLPH ST,405404635,725200,2013,0.0425531914893617
225,191,ST BOTOLPH ST,405404564,682700,2013,0.13518456933821085
226,189,ST BOTOLPH ST,405404609,1921000,2013,0.10054425665998282
227,187,ST BOTOLPH ST,405404633,1396500,2013,0.13214430482367248
228,185,ST BOTOLPH ST,405404607,1551000,2013,0.13087860007291288
229,183,ST BOTOLPH ST,405404568,1594500,2013,0.3999122036874451
230,181,ST BOTOLPH ST,405404658,517000,2013,0.05124034160227735
231,179,ST BOTOLPH ST,405404614,1188500,2013,0.11282771535580524
232,177,ST BOTOLPH ST,405404590,1421500,2013,0.13086714399363564
233,175,ST BOTOLPH ST,405404663,603100,2013,-0.15591322603219035
234,173,ST BOTOLPH ST,405404639,1070500,2013,0.12862414338429098
235,171,ST BOTOLPH ST,405404643,996500,2013,0.18772348033373062
236,169,ST BOTOLPH ST,405404619,1421500,2013,0.13086714399363564
237,161,ST BOTOLPH ST,405404575,1880700,2013,0.24797611147976112
238,15,ST GERMAIN ST,9668799,870300,2013,0.10011376564277588
239,17,ST GERMAIN ST,9668798,779963,2013,0.13298538379521624
240,19,ST GERMAIN ST,9668797,779963,2013,0.13298538379521624
241,21,ST GERMAIN ST,9668796,779963,2013,0.13298538379521624
242,23,ST GERMAIN ST,9668795,779963,2013,0.13298538379521624
243,25,ST GERMAIN ST,9668794,779963,2013,0.13298538379521624
244,27,ST GERMAIN ST,9668793,967700,2013,0.2526860841423948
245,29,ST GERMAIN ST,9668792,876410,2013,0.1329860123587662
246,31,ST GERMAIN ST,9668791,876410,2013,0.1329860123587662
247,33,ST GERMAIN ST,9668790,876410,2013,0.1329860123587662
248,35,ST GERMAIN ST,9668789,876410,2013,0.1329860123587662
249,37,ST GERMAIN ST,9668788,876410,2013,0.1329860123587662
250,39,ST GERMAIN ST,9668787,876410,2013,0.1329860123587662
251,41,ST GERMAIN ST,9668786,876410,2013,0.1329860123587662
252,43,ST GERMAIN ST,9668785,779963,2013,0.13298538379521624
253,45,ST GERMAIN ST,9668784,779963,2013,0.13298538379521624
254,47,ST GERMAIN ST,9668783,779963,2013,0.13298538379521624
255,49,ST GERMAIN ST,9668782,689300,2013,0.08911360404487281
256,51,ST GERMAIN ST,9668781,779963,2013,0.13298538379521624
257,53,ST GERMAIN ST,9668780,779963,2013,0.13298538379521624
258,55,ST GERMAIN ST,9668779,779963,2013,0.13298538379521624
259,57,ST GERMAIN ST,9668778,779963,2013,0.13298538379521624
260,59,ST GERMAIN ST,9668777,779963,2013,0.13298538379521624
261,61,ST GERMAIN ST,9668776,779963,2013,0.13298538379521624
262,63,ST GERMAIN ST,9668775,779963,2013,0.13298538379521624
263,65,ST GERMAIN ST,9668774,779963,2013,0.13298538379521624
264,67,ST GERMAIN ST,9668773,2532783,2013,0.1329863256113976
265,8,ST GERMAIN ST,9668772,813510,2013,0.13298599069946226
266,10,ST GERMAIN ST,9668771,851250,2013,0.1329863056727177
267,12,ST GERMAIN ST,9668770,851250,2013,0.1329863056727177
268,14,ST GERMAIN ST,9668769,851250,2013,0.1329863056727177
269,16,ST GERMAIN ST,9668768,851250,2013,0.1329863056727177
270,18,ST GERMAIN ST,9668767,851250,2013,0.1329863056727177
271,20,ST GERMAIN ST,9668766,851250,2013,0.1329863056727177
272,22,ST GERMAIN ST,9668765,851250,2013,0.1329863056727177
273,24,ST GERMAIN ST,9668764,851250,2013,0.1329863056727177
274,26,ST GERMAIN ST,9668763,851250,2013,0.1329863056727177
275,28,ST GERMAIN ST,9668762,851250,2013,0.1329863056727177
276,30,ST GERMAIN ST,9668761,851250,2013,0.1329863056727177
277,32,ST GERMAIN ST,9668760,851250,2013,0.1329863056727177
278,34,ST GERMAIN ST,9668759,851250,2013,0.1329863056727177
279,36,ST GERMAIN ST,9668758,851250,2013,0.1329863056727177
280,38,ST GERMAIN ST,9668757,851250,2013,0.1329863056727177
281,40,ST GERMAIN ST,9668756,851250,2013,0.1329863056727177
282,42,ST GERMAIN ST,9668755,851250,2013,0.1329863056727177
283,44,ST GERMAIN ST,9668754,851250,2013,0.1329863056727177
284,46,ST GERMAIN ST,9668753,810500,2013,0.12428908309058122
285,48,ST GERMAIN ST,9668752,851250,2013,0.1329863056727177
286,50,ST GERMAIN ST,9668751,700600,2013,0.07536454336147352
287,52,ST GERMAIN ST,9668750,869500,2013,0.08484092326887087
288,54,ST GERMAIN ST,9668749,851250,2013,0.1329863056727177
289,56,ST GERMAIN ST,9668748,847057,2013,0.13298503410095594
290,58,ST GERMAIN ST,15666798,1044144,2013,0.13298473177247508
291,60,ST GERMAIN ST,15666797,1048338,2013,0.1329856217739774
292,203,ST BOTOLPH ST,405404594,772400,2014,0.1417590539541759
293,201,ST BOTOLPH ST,405404621,628100,2014,0.09367926170990772
294,199,ST BOTOLPH ST,405404698,2845900,2014,0.2649090953537625
295,197,ST BOTOLPH ST,405404570,756300,2014,0.09276116168183789
296,195,ST BOTOLPH ST,405404611,701600,2014,0.19177849498895871
297,193,ST BOTOLPH ST,405404635,768800,2014,0.10523289246693503
298,191,ST BOTOLPH ST,405404564,723700,2014,0.20335882939807118
299,189,ST BOTOLPH ST,405404609,2039000,2014,0.1681466628473217
300,187,ST BOTOLPH ST,405404633,1655000,2014,0.34171057965139845
301,185,ST BOTOLPH ST,405404607,1837000,2014,0.33940940576011663
302,183,ST BOTOLPH ST,405404568,1369000,2014,0.2019315188762072
303,181,ST BOTOLPH ST,405404658,548000,2014,0.1142740951606344
304,179,ST BOTOLPH ST,405404614,1415000,2014,0.3249063670411985
305,177,ST BOTOLPH ST,405404590,1747000,2014,0.3898170246618934
306,175,ST BOTOLPH ST,405404663,639300,2014,-0.1052484254723583
307,173,ST BOTOLPH ST,405404639,1314000,2014,0.38534528202424884
308,171,ST BOTOLPH ST,405404643,1146000,2014,0.36591179976162097
309,169,ST BOTOLPH ST,405404619,1689000,2014,0.3436754176610978
310,161,ST BOTOLPH ST,405404575,2074800,2014,0.3767750497677505
311,15,ST GERMAIN ST,9668799,905100,2014,0.1441031475161168
312,17,ST GERMAIN ST,9668798,892363,2014,0.2962592277321496
313,19,ST GERMAIN ST,9668797,892363,2014,0.2962592277321496
314,21,ST GERMAIN ST,9668796,892363,2014,0.2962592277321496
315,23,ST GERMAIN ST,9668795,892363,2014,0.2962592277321496
316,25,ST GERMAIN ST,9668794,892363,2014,0.2962592277321496
317,27,ST GERMAIN ST,9668793,995500,2014,0.28867313915857606
318,29,ST GERMAIN ST,9668792,1002709,2014,0.2962600511932156
319,31,ST GERMAIN ST,9668791,1002709,2014,0.2962600511932156
320,33,ST GERMAIN ST,9668790,1002709,2014,0.2962600511932156
321,35,ST GERMAIN ST,9668789,1002709,2014,0.2962600511932156
322,37,ST GERMAIN ST,9668788,1002709,2014,0.2962600511932156
323,39,ST GERMAIN ST,9668787,1002709,2014,0.2962600511932156
324,41,ST GERMAIN ST,9668786,1002709,2014,0.2962600511932156
325,43,ST GERMAIN ST,9668785,892363,2014,0.2962592277321496
326,45,ST GERMAIN ST,9668784,892363,2014,0.2962592277321496
327,47,ST GERMAIN ST,9668783,892363,2014,0.2962592277321496
328,49,ST GERMAIN ST,9668782,716900,2014,0.13272238900300207
329,51,ST GERMAIN ST,9668781,892363,2014,0.2962592277321496
330,53,ST GERMAIN ST,9668780,892363,2014,0.2962592277321496
331,55,ST GERMAIN ST,9668779,892363,2014,0.2962592277321496
332,57,ST GERMAIN ST,9668778,892363,2014,0.2962592277321496
333,59,ST GERMAIN ST,9668777,892363,2014,0.2962592277321496
334,61,ST GERMAIN ST,9668776,892363,2014,0.2962592277321496
335,63,ST GERMAIN ST,9668775,892363,2014,0.2962592277321496
336,65,ST GERMAIN ST,9668774,892363,2014,0.2962592277321496
337,67,ST GERMAIN ST,9668773,2897780,2014,0.29625993013621604
338,8,ST GERMAIN ST,9668772,930745,2014,0.29626070474065597
339,10,ST GERMAIN ST,9668771,973923,2014,0.29626011369126604
340,12,ST GERMAIN ST,9668770,973923,2014,0.29626011369126604
341,14,ST GERMAIN ST,9668769,973923,2014,0.29626011369126604
342,16,ST GERMAIN ST,9668768,973923,2014,0.29626011369126604
343,18,ST GERMAIN ST,9668767,973923,2014,0.29626011369126604
344,20,ST GERMAIN ST,9668766,973923,2014,0.29626011369126604
345,22,ST GERMAIN ST,9668765,973923,2014,0.29626011369126604
346,24,ST GERMAIN ST,9668764,973923,2014,0.29626011369126604
347,26,ST GERMAIN ST,9668763,973923,2014,0.29626011369126604
348,28,ST GERMAIN ST,9668762,973923,2014,0.29626011369126604
349,30,ST GERMAIN ST,9668761,973923,2014,0.29626011369126604
350,32,ST GERMAIN ST,9668760,973923,2014,0.29626011369126604
351,34,ST GERMAIN ST,9668759,973923,2014,0.29626011369126604
352,36,ST GERMAIN ST,9668758,973923,2014,0.29626011369126604
353,38,ST GERMAIN ST,9668757,973923,2014,0.29626011369126604
354,40,ST GERMAIN ST,9668756,973923,2014,0.29626011369126604
355,42,ST GERMAIN ST,9668755,973923,2014,0.29626011369126604
356,44,ST GERMAIN ST,9668754,973923,2014,0.29626011369126604
357,46,ST GERMAIN ST,9668753,842900,2014,0.16923290331530033
358,48,ST GERMAIN ST,9668752,973923,2014,0.29626011369126604
359,50,ST GERMAIN ST,9668751,728600,2014,0.11834228702993092
360,52,ST GERMAIN ST,9668750,973000,2014,0.21397379912663755
361,54,ST GERMAIN ST,9668749,973923,2014,0.29626011369126604
362,56,ST GERMAIN ST,9668748,969125,2014,0.2962576558284613
363,58,ST GERMAIN ST,15666798,1194615,2014,0.2962585192716477
364,60,ST GERMAIN ST,15666797,1199413,2014,0.296259110676892
365,203,ST BOTOLPH ST,405404594,866700,2015,0.2811529933481153
366,201,ST BOTOLPH ST,405404621,684400,2015,0.19171164896395612
367,199,ST BOTOLPH ST,405404698,3188400,2015,0.4171390982205757
368,197,ST BOTOLPH ST,405404570,824100,2015,0.1907238838318162
369,195,ST BOTOLPH ST,405404611,764500,2015,0.29862408697129267
370,193,ST BOTOLPH ST,405404635,837700,2015,0.2042840713053479
371,191,ST BOTOLPH ST,405404564,788600,2015,0.3112736947123379
372,189,ST BOTOLPH ST,405404609,1969500,2015,0.1283299914064738
373,187,ST BOTOLPH ST,405404633,1833500,2015,0.4864207539521686
374,185,ST BOTOLPH ST,405404607,2121500,2015,0.5468465184104995
375,183,ST BOTOLPH ST,405404568,1500000,2015,0.3169446883230904
376,181,ST BOTOLPH ST,405404658,597100,2015,0.21411142740951605
377,179,ST BOTOLPH ST,405404614,1611000,2015,0.5084269662921348
378,177,ST BOTOLPH ST,405404590,2010500,2015,0.5994431185361973
379,175,ST BOTOLPH ST,405404663,696500,2015,-0.025192442267319804
380,173,ST BOTOLPH ST,405404639,1516000,2015,0.5983131259884027
381,171,ST BOTOLPH ST,405404643,1260500,2015,0.5023837902264601
382,169,ST BOTOLPH ST,405404619,1871500,2015,0.4888623707239459
383,161,ST BOTOLPH ST,405404575,2324500,2015,0.5424684804246848
384,15,ST GERMAIN ST,9668799,995600,2015,0.2585008216407534
385,17,ST GERMAIN ST,9668798,935617,2015,0.35909060536247084
386,19,ST GERMAIN ST,9668797,935617,2015,0.35909060536247084
387,21,ST GERMAIN ST,9668796,935617,2015,0.35909060536247084
388,23,ST GERMAIN ST,9668795,935617,2015,0.35909060536247084
389,25,ST GERMAIN ST,9668794,935617,2015,0.35909060536247084
390,27,ST GERMAIN ST,9668793,1094500,2015,0.4168284789644013
391,29,ST GERMAIN ST,9668792,1051312,2015,0.35909196680197536
392,31,ST GERMAIN ST,9668791,1051312,2015,0.35909196680197536
393,33,ST GERMAIN ST,9668790,1051312,2015,0.35909196680197536
394,35,ST GERMAIN ST,9668789,1051312,2015,0.35909196680197536
395,37,ST GERMAIN ST,9668788,1051312,2015,0.35909196680197536
396,39,ST GERMAIN ST,9668787,1051312,2015,0.35909196680197536
397,41,ST GERMAIN ST,9668786,1051312,2015,0.35909196680197536
398,43,ST GERMAIN ST,9668785,935617,2015,0.35909060536247084
399,45,ST GERMAIN ST,9668784,935617,2015,0.35909060536247084
400,47,ST GERMAIN ST,9668783,935617,2015,0.35909060536247084
401,49,ST GERMAIN ST,9668782,796500,2015,0.25849265286775164
402,51,ST GERMAIN ST,9668781,935617,2015,0.35909060536247084
403,53,ST GERMAIN ST,9668780,935617,2015,0.35909060536247084
404,55,ST GERMAIN ST,9668779,935617,2015,0.35909060536247084
405,57,ST GERMAIN ST,9668778,935617,2015,0.35909060536247084
406,59,ST GERMAIN ST,9668777,935617,2015,0.35909060536247084
407,61,ST GERMAIN ST,9668776,935617,2015,0.35909060536247084
408,63,ST GERMAIN ST,9668775,935617,2015,0.35909060536247084
409,65,ST GERMAIN ST,9668774,935617,2015,0.35909060536247084
410,67,ST GERMAIN ST,9668773,3038239,2015,0.35909126085386983
411,8,ST GERMAIN ST,9668772,975859,2015,0.35909156113383556
412,10,ST GERMAIN ST,9668771,1021131,2015,0.35909243970383303
413,12,ST GERMAIN ST,9668770,1021131,2015,0.35909243970383303
414,14,ST GERMAIN ST,9668769,1021131,2015,0.35909243970383303
415,16,ST GERMAIN ST,9668768,1021131,2015,0.35909243970383303
416,18,ST GERMAIN ST,9668767,1021131,2015,0.35909243970383303
417,20,ST GERMAIN ST,9668766,1021131,2015,0.35909243970383303
418,22,ST GERMAIN ST,9668765,1021131,2015,0.35909243970383303
419,24,ST GERMAIN ST,9668764,1021131,2015,0.35909243970383303
420,26,ST GERMAIN ST,9668763,1021131,2015,0.35909243970383303
421,28,ST GERMAIN ST,9668762,1021131,2015,0.35909243970383303
422,30,ST GERMAIN ST,9668761,1021131,2015,0.35909243970383303
423,32,ST GERMAIN ST,9668760,1021131,2015,0.35909243970383303
424,34,ST GERMAIN ST,9668759,1021131,2015,0.35909243970383303
425,36,ST GERMAIN ST,9668758,1021131,2015,0.35909243970383303
426,38,ST GERMAIN ST,9668757,1021131,2015,0.35909243970383303
427,40,ST GERMAIN ST,9668756,1021131,2015,0.35909243970383303
428,42,ST GERMAIN ST,9668755,1021131,2015,0.35909243970383303
429,44,ST GERMAIN ST,9668754,1021131,2015,0.35909243970383303
430,46,ST GERMAIN ST,9668753,927200,2015,0.2861700651962824
431,48,ST GERMAIN ST,9668752,1021131,2015,0.35909243970383303
432,50,ST GERMAIN ST,9668751,799700,2015,0.22747505755947814
433,52,ST GERMAIN ST,9668750,1042000,2015,0.30006238303181537
434,54,ST GERMAIN ST,9668749,1021131,2015,0.35909243970383303
435,56,ST GERMAIN ST,9668748,1016100,2015,0.3590892857859404
436,58,ST GERMAIN ST,15666798,1252520,2015,0.3590903517519236
437,60,ST GERMAIN ST,15666797,1257550,2015,0.35909035889366336
438,203,ST BOTOLPH ST,405404594,909300,2016,0.3441241685144124
439,201,ST BOTOLPH ST,405404621,709200,2016,0.2348946543618318
440,199,ST BOTOLPH ST,405404698,3415900,2016,0.5182553774970721
441,197,ST BOTOLPH ST,405404570,901700,2016,0.3028464094783991
442,195,ST BOTOLPH ST,405404611,795000,2016,0.3504331578053338
443,193,ST BOTOLPH ST,405404635,999400,2016,0.43674525589419205
444,191,ST BOTOLPH ST,405404564,829700,2016,0.379614233455271
445,189,ST BOTOLPH ST,405404609,2321500,2016,0.3299914064737898
446,187,ST BOTOLPH ST,405404633,2087500,2016,0.6923388731252533
447,185,ST BOTOLPH ST,405404607,2363000,2016,0.7229310973386803
448,183,ST BOTOLPH ST,405404568,1726500,2016,0.5158033362598771
449,181,ST BOTOLPH ST,405404658,630000,2016,0.2810085400569337
450,179,ST BOTOLPH ST,405404614,1885000,2016,0.7649812734082397
451,177,ST BOTOLPH ST,405404590,2248000,2016,0.7883850437549722
452,175,ST BOTOLPH ST,405404663,785200,2016,0.09895031490552834
453,173,ST BOTOLPH ST,405404639,1725000,2016,0.8186610437532946
454,171,ST BOTOLPH ST,405404643,1412000,2016,0.6829558998808105
455,169,ST BOTOLPH ST,405404619,2172500,2016,0.728321400159109
456,161,ST BOTOLPH ST,405404575,2465600,2016,0.6360982083609821
457,15,ST GERMAIN ST,9668799,1170600,2016,0.47971179370496775
458,17,ST GERMAIN ST,9668798,1159813,2016,0.6847609142173169
459,19,ST GERMAIN ST,9668797,1159813,2016,0.6847609142173169
460,21,ST GERMAIN ST,9668796,1159813,2016,0.6847609142173169
461,23,ST GERMAIN ST,9668795,1159813,2016,0.6847609142173169
462,25,ST GERMAIN ST,9668794,1159813,2016,0.6847609142173169
463,27,ST GERMAIN ST,9668793,1190500,2016,0.5411003236245955
464,29,ST GERMAIN ST,9668792,1303230,2016,0.6847609690513742
465,31,ST GERMAIN ST,9668791,1303230,2016,0.6847609690513742
466,33,ST GERMAIN ST,9668790,1303230,2016,0.6847609690513742
467,35,ST GERMAIN ST,9668789,1303230,2016,0.6847609690513742
468,37,ST GERMAIN ST,9668788,1303230,2016,0.6847609690513742
469,39,ST GERMAIN ST,9668787,1303230,2016,0.6847609690513742
470,41,ST GERMAIN ST,9668786,1303230,2016,0.6847609690513742
471,43,ST GERMAIN ST,9668785,1159813,2016,0.6847609142173169
472,45,ST GERMAIN ST,9668784,1159813,2016,0.6847609142173169
473,47,ST GERMAIN ST,9668783,1159813,2016,0.6847609142173169
474,49,ST GERMAIN ST,9668782,1256300,2016,0.9849897298151367
475,51,ST GERMAIN ST,9668781,1159813,2016,0.6847609142173169
476,53,ST GERMAIN ST,9668780,1159813,2016,0.6847609142173169
477,55,ST GERMAIN ST,9668779,1159813,2016,0.6847609142173169
478,57,ST GERMAIN ST,9668778,1159813,2016,0.6847609142173169
479,59,ST GERMAIN ST,9668777,1159813,2016,0.6847609142173169
480,61,ST GERMAIN ST,9668776,1159813,2016,0.6847609142173169
481,63,ST GERMAIN ST,9668775,1159813,2016,0.6847609142173169
482,65,ST GERMAIN ST,9668774,1159813,2016,0.6847609142173169
483,67,ST GERMAIN ST,9668773,3766270,2016,0.6847603638213137
484,8,ST GERMAIN ST,9668772,1209697,2016,0.6847607945706474
485,10,ST GERMAIN ST,9668771,1265816,2016,0.684760286051591
486,12,ST GERMAIN ST,9668770,1265816,2016,0.684760286051591
487,14,ST GERMAIN ST,9668769,1265816,2016,0.684760286051591
488,16,ST GERMAIN ST,9668768,1265816,2016,0.684760286051591
489,18,ST GERMAIN ST,9668767,1265816,2016,0.684760286051591
490,20,ST GERMAIN ST,9668766,1265816,2016,0.684760286051591
491,22,ST GERMAIN ST,9668765,1265816,2016,0.684760286051591
492,24,ST GERMAIN ST,9668764,1265816,2016,0.684760286051591
493,26,ST GERMAIN ST,9668763,1265816,2016,0.684760286051591
494,28,ST GERMAIN ST,9668762,1265816,2016,0.684760286051591
495,30,ST GERMAIN ST,9668761,1265816,2016,0.684760286051591
496,32,ST GERMAIN ST,9668760,1265816,2016,0.684760286051591
497,34,ST GERMAIN ST,9668759,1265816,2016,0.684760286051591
498,36,ST GERMAIN ST,9668758,1265816,2016,0.684760286051591
499,38,ST GERMAIN ST,9668757,1265816,2016,0.684760286051591
500,40,ST GERMAIN ST,9668756,1265816,2016,0.684760286051591
501,42,ST GERMAIN ST,9668755,1265816,2016,0.684760286051591
502,44,ST GERMAIN ST,9668754,1265816,2016,0.684760286051591
503,46,ST GERMAIN ST,9668753,1153300,2016,0.599805798307671
504,48,ST GERMAIN ST,9668752,1265816,2016,0.684760286051591
505,50,ST GERMAIN ST,9668751,1040900,2016,0.5976976208749041
506,52,ST GERMAIN ST,9668750,1117500,2016,0.39426076107298813
507,54,ST GERMAIN ST,9668749,1265816,2016,0.684760286051591
508,56,ST GERMAIN ST,9668748,1259582,2016,0.6847597684960401
509,58,ST GERMAIN ST,15666798,1552652,2016,0.6847590081023278
510,60,ST GERMAIN ST,15666797,1558888,2016,0.6847597720925809
511,203,ST BOTOLPH ST,405404594,1101400,2017,0.6280857354028085
512,201,ST BOTOLPH ST,405404621,737600,2017,0.28434616054327005
513,199,ST BOTOLPH ST,405404698,3723300,2017,0.6548845829897972
514,197,ST BOTOLPH ST,405404570,937800,2017,0.3550065019505852
515,195,ST BOTOLPH ST,405404611,826800,2017,0.40445048411754714
516,193,ST BOTOLPH ST,405404635,1039400,2017,0.4942495687176538
517,191,ST BOTOLPH ST,405404564,862900,2017,0.43481875623545063
518,189,ST BOTOLPH ST,405404609,2518000,2017,0.44256659982812946
519,187,ST BOTOLPH ST,405404633,2272000,2017,0.8419132549655451
520,185,ST BOTOLPH ST,405404607,2572500,2017,0.8756835581480131
521,183,ST BOTOLPH ST,405404568,1861000,2017,0.6338893766461808
522,181,ST BOTOLPH ST,405404658,655200,2017,0.33224888165921107
523,179,ST BOTOLPH ST,405404614,2055500,2017,0.924625468164794
524,177,ST BOTOLPH ST,405404590,2447500,2017,0.947096260938743
525,175,ST BOTOLPH ST,405404663,816600,2017,0.14289713086074177
526,173,ST BOTOLPH ST,405404639,1878000,2017,0.9799683711122825
527,171,ST BOTOLPH ST,405404643,1624000,2017,0.9356376638855781
528,169,ST BOTOLPH ST,405404619,2365000,2017,0.8814638027048528
529,161,ST BOTOLPH ST,405404575,2687500,2017,0.7833443928334439
530,15,ST GERMAIN ST,9668799,1252400,2017,0.5831121223612691
531,17,ST GERMAIN ST,9668798,1284302,2017,0.86559541206309
532,19,ST GERMAIN ST,9668797,1284302,2017,0.86559541206309
533,21,ST GERMAIN ST,9668796,1284302,2017,0.86559541206309
534,23,ST GERMAIN ST,9668795,1284302,2017,0.86559541206309
535,25,ST GERMAIN ST,9668794,1284302,2017,0.86559541206309
536,27,ST GERMAIN ST,9668793,1306000,2017,0.6906148867313916
537,29,ST GERMAIN ST,9668792,1443114,2017,0.865597124906275
538,31,ST GERMAIN ST,9668791,1443114,2017,0.865597124906275
539,33,ST GERMAIN ST,9668790,1443114,2017,0.865597124906275
540,35,ST GERMAIN ST,9668789,1443114,2017,0.865597124906275
541,37,ST GERMAIN ST,9668788,1443114,2017,0.865597124906275
542,39,ST GERMAIN ST,9668787,1443114,2017,0.865597124906275
543,41,ST GERMAIN ST,9668786,1443114,2017,0.865597124906275
544,43,ST GERMAIN ST,9668785,1284302,2017,0.86559541206309
545,45,ST GERMAIN ST,9668784,1284302,2017,0.86559541206309
546,47,ST GERMAIN ST,9668783,1284302,2017,0.86559541206309
547,49,ST GERMAIN ST,9668782,1344100,2017,1.123716226892084
548,51,ST GERMAIN ST,9668781,1284302,2017,0.86559541206309
549,53,ST GERMAIN ST,9668780,1284302,2017,0.86559541206309
550,55,ST GERMAIN ST,9668779,1284302,2017,0.86559541206309
551,57,ST GERMAIN ST,9668778,1284302,2017,0.86559541206309
552,59,ST GERMAIN ST,9668777,1284302,2017,0.86559541206309
553,61,ST GERMAIN ST,9668776,1284302,2017,0.86559541206309
554,63,ST GERMAIN ST,9668775,1284302,2017,0.86559541206309
555,65,ST GERMAIN ST,9668774,1284302,2017,0.86559541206309
556,67,ST GERMAIN ST,9668773,4170528,2017,0.8655965373186139
557,8,ST GERMAIN ST,9668772,1339541,2017,0.8655962274188989
558,10,ST GERMAIN ST,9668771,1401685,2017,0.8655975446306764
559,12,ST GERMAIN ST,9668770,1401685,2017,0.8655975446306764
560,14,ST GERMAIN ST,9668769,1401685,2017,0.8655975446306764
561,16,ST GERMAIN ST,9668768,1401685,2017,0.8655975446306764
562,18,ST GERMAIN ST,9668767,1401685,2017,0.8655975446306764
563,20,ST GERMAIN ST,9668766,1401685,2017,0.8655975446306764
564,22,ST GERMAIN ST,9668765,1401685,2017,0.8655975446306764
565,24,ST GERMAIN ST,9668764,1401685,2017,0.8655975446306764
566,26,ST GERMAIN ST,9668763,1401685,2017,0.8655975446306764
567,28,ST GERMAIN ST,9668762,1401685,2017,0.8655975446306764
568,30,ST GERMAIN ST,9668761,1401685,2017,0.8655975446306764
569,32,ST GERMAIN ST,9668760,1401685,2017,0.8655975446306764
570,34,ST GERMAIN ST,9668759,1401685,2017,0.8655975446306764
571,36,ST GERMAIN ST,9668758,1401685,2017,0.8655975446306764
572,38,ST GERMAIN ST,9668757,1401685,2017,0.8655975446306764
573,40,ST GERMAIN ST,9668756,1401685,2017,0.8655975446306764
574,42,ST GERMAIN ST,9668755,1401685,2017,0.8655975446306764
575,44,ST GERMAIN ST,9668754,1401685,2017,0.8655975446306764
576,46,ST GERMAIN ST,9668753,1233900,2017,0.7116104868913857
577,48,ST GERMAIN ST,9668752,1401685,2017,0.8655975446306764
578,50,ST GERMAIN ST,9668751,1113600,2017,0.7092862624712203
579,52,ST GERMAIN ST,9668750,1209500,2017,0.5090455396132252
580,54,ST GERMAIN ST,9668749,1401685,2017,0.8655975446306764
581,56,ST GERMAIN ST,9668748,1394779,2017,0.8655931452998998
582,58,ST GERMAIN ST,15666798,1719307,2017,0.8655938072043117
583,60,ST GERMAIN ST,15666797,1726213,2017,0.8655953605796249
584,203,ST BOTOLPH ST,405404594,1183000,2018,0.7487065779748706
585,201,ST BOTOLPH ST,405404621,781600,2018,0.3609611701201463
586,199,ST BOTOLPH ST,405404698,3911200,2018,0.7383999626647584
587,197,ST BOTOLPH ST,405404570,993700,2018,0.4357751769975437
588,195,ST BOTOLPH ST,405404611,876100,2018,0.48819432648207917
589,193,ST BOTOLPH ST,405404635,1101300,2018,0.5832374928119609
590,191,ST BOTOLPH ST,405404564,914300,2018,0.5202859993348853
591,189,ST BOTOLPH ST,405404609,2621500,2018,0.5018619306788886
592,187,ST BOTOLPH ST,405404633,2363000,2018,0.9156870693149575
593,185,ST BOTOLPH ST,405404607,2677500,2018,0.9522420707254831
594,183,ST BOTOLPH ST,405404568,1935500,2018,0.699297629499561
595,181,ST BOTOLPH ST,405404658,694200,2018,0.4115494103294022
596,179,ST BOTOLPH ST,405404614,2149500,2018,1.0126404494382022
597,177,ST BOTOLPH ST,405404590,2549000,2018,1.0278440731901353
598,175,ST BOTOLPH ST,405404663,865300,2018,0.21105668299510147
599,173,ST BOTOLPH ST,405404639,1956000,2018,1.062203479177649
600,171,ST BOTOLPH ST,405404643,1717000,2018,1.0464839094159715
601,169,ST BOTOLPH ST,405404619,2461500,2018,0.9582338902147971
602,161,ST BOTOLPH ST,405404575,2823100,2018,0.8733244857332448
603,15,ST GERMAIN ST,9668799,1315600,2018,0.6630008848438883
604,17,ST GERMAIN ST,9668798,1260382,2018,0.830848878727045
605,19,ST GERMAIN ST,9668797,1260382,2018,0.830848878727045
606,21,ST GERMAIN ST,9668796,1260382,2018,0.830848878727045
607,23,ST GERMAIN ST,9668795,1260382,2018,0.830848878727045
608,25,ST GERMAIN ST,9668794,1260382,2018,0.830848878727045
609,27,ST GERMAIN ST,9668793,1303500,2018,0.6873786407766991
610,29,ST GERMAIN ST,9668792,1416237,2018,0.8308516689505391
611,31,ST GERMAIN ST,9668791,1416237,2018,0.8308516689505391
612,33,ST GERMAIN ST,9668790,1416237,2018,0.8308516689505391
613,35,ST GERMAIN ST,9668789,1416237,2018,0.8308516689505391
614,37,ST GERMAIN ST,9668788,1416237,2018,0.8308516689505391
615,39,ST GERMAIN ST,9668787,1416237,2018,0.8308516689505391
616,41,ST GERMAIN ST,9668786,1416237,2018,0.8308516689505391
617,43,ST GERMAIN ST,9668785,1260382,2018,0.830848878727045
618,45,ST GERMAIN ST,9668784,1260382,2018,0.830848878727045
619,47,ST GERMAIN ST,9668783,1260382,2018,0.830848878727045
620,49,ST GERMAIN ST,9668782,1411900,2018,1.230842155158793
621,51,ST GERMAIN ST,9668781,1260382,2018,0.830848878727045
622,53,ST GERMAIN ST,9668780,1260382,2018,0.830848878727045
623,55,ST GERMAIN ST,9668779,1260382,2018,0.830848878727045
624,57,ST GERMAIN ST,9668778,1260382,2018,0.830848878727045
625,59,ST GERMAIN ST,9668777,1260382,2018,0.830848878727045
626,61,ST GERMAIN ST,9668776,1260382,2018,0.830848878727045
627,63,ST GERMAIN ST,9668775,1260382,2018,0.830848878727045
628,65,ST GERMAIN ST,9668774,1260382,2018,0.830848878727045
629,67,ST GERMAIN ST,9668773,4092853,2018,0.8308502867152794
630,8,ST GERMAIN ST,9668772,1314593,2018,0.8308508223274185
631,10,ST GERMAIN ST,9668771,1375579,2018,0.8308513002889532
632,12,ST GERMAIN ST,9668770,1375579,2018,0.8308513002889532
633,14,ST GERMAIN ST,9668769,1375579,2018,0.8308513002889532
634,16,ST GERMAIN ST,9668768,1375579,2018,0.8308513002889532
635,18,ST GERMAIN ST,9668767,1375579,2018,0.8308513002889532
636,20,ST GERMAIN ST,9668766,1375579,2018,0.8308513002889532
637,22,ST GERMAIN ST,9668765,1375579,2018,0.8308513002889532
638,24,ST GERMAIN ST,9668764,1375579,2018,0.8308513002889532
639,26,ST GERMAIN ST,9668763,1375579,2018,0.8308513002889532
640,28,ST GERMAIN ST,9668762,1375579,2018,0.8308513002889532
641,30,ST GERMAIN ST,9668761,1375579,2018,0.8308513002889532
642,32,ST GERMAIN ST,9668760,1375579,2018,0.8308513002889532
643,34,ST GERMAIN ST,9668759,1375579,2018,0.8308513002889532
644,36,ST GERMAIN ST,9668758,1375579,2018,0.8308513002889532
645,38,ST GERMAIN ST,9668757,1375579,2018,0.8308513002889532
646,40,ST GERMAIN ST,9668756,1375579,2018,0.8308513002889532
647,42,ST GERMAIN ST,9668755,1375579,2018,0.8308513002889532
648,44,ST GERMAIN ST,9668754,1375579,2018,0.8308513002889532
649,46,ST GERMAIN ST,9668753,1296100,2018,0.7978915244832848
650,48,ST GERMAIN ST,9668752,1375579,2018,0.8308513002889532
651,50,ST GERMAIN ST,9668751,1169800,2018,0.7955487336914812
652,52,ST GERMAIN ST,9668750,1207500,2018,0.5065502183406113
653,54,ST GERMAIN ST,9668749,1375579,2018,0.8308513002889532
654,56,ST GERMAIN ST,9668748,1368803,2018,0.8308488255601344
655,58,ST GERMAIN ST,15666798,1687286,2018,0.8308483084071281
656,60,ST GERMAIN ST,15666797,1694063,2018,0.8308494220177933
657,203,ST BOTOLPH ST,405404594,1253900,2019,0.8535107169253511
658,201,ST BOTOLPH ST,405404621,997800,2019,0.7374194671774335
659,199,ST BOTOLPH ST,405404698,4027300,2019,0.7900026001328957
660,197,ST BOTOLPH ST,405404570,1053200,2019,0.5217454125126427
661,195,ST BOTOLPH ST,405404611,928600,2019,0.5773738746390351
662,193,ST BOTOLPH ST,405404635,1217500,2019,0.7502875215641173
663,191,ST BOTOLPH ST,405404564,969100,2019,0.6114067176587962
664,189,ST BOTOLPH ST,405404609,2752000,2019,0.5766256087081065
665,187,ST BOTOLPH ST,405404633,2475500,2019,1.006890960680989
666,185,ST BOTOLPH ST,405404607,2803500,2019,1.044112285818447
667,183,ST BOTOLPH ST,405404568,2025000,2019,0.7778753292361721
668,181,ST BOTOLPH ST,405404658,735800,2019,0.4961366409109394
669,179,ST BOTOLPH ST,405404614,2251000,2019,1.107677902621723
670,177,ST BOTOLPH ST,405404590,2664000,2019,1.1193317422434368
671,175,ST BOTOLPH ST,405404663,917100,2019,0.28355493351994404
672,173,ST BOTOLPH ST,405404639,2046000,2019,1.1570901423299946
673,171,ST BOTOLPH ST,405404643,1756500,2019,1.0935637663885578
674,169,ST BOTOLPH ST,405404619,2577000,2019,1.0501193317422435
675,161,ST BOTOLPH ST,405404575,2906900,2019,0.9289316522893165
676,15,ST GERMAIN ST,9668799,1405900,2019,0.7771457464290229
677,17,ST GERMAIN ST,9668798,1329386,2019,0.9310850738073311
678,19,ST GERMAIN ST,9668797,1329386,2019,0.9310850738073311
679,21,ST GERMAIN ST,9668796,1329386,2019,0.9310850738073311
680,23,ST GERMAIN ST,9668795,1329386,2019,0.9310850738073311
681,25,ST GERMAIN ST,9668794,1329386,2019,0.9310850738073311
682,27,ST GERMAIN ST,9668793,1342500,2019,0.7378640776699029
683,29,ST GERMAIN ST,9668792,1493773,2019,0.9310869509010523
684,31,ST GERMAIN ST,9668791,1493773,2019,0.9310869509010523
685,33,ST GERMAIN ST,9668790,1493773,2019,0.9310869509010523
686,35,ST GERMAIN ST,9668789,1493773,2019,0.9310869509010523
687,37,ST GERMAIN ST,9668788,1493773,2019,0.9310869509010523
688,39,ST GERMAIN ST,9668787,1493773,2019,0.9310869509010523
689,41,ST GERMAIN ST,9668786,1493773,2019,0.9310869509010523
690,43,ST GERMAIN ST,9668785,1329386,2019,0.9310850738073311
691,45,ST GERMAIN ST,9668784,1329386,2019,0.9310850738073311
692,47,ST GERMAIN ST,9668783,1329386,2019,0.9310850738073311
693,49,ST GERMAIN ST,9668782,1508900,2019,1.38410491388845
694,51,ST GERMAIN ST,9668781,1329386,2019,0.9310850738073311
695,53,ST GERMAIN ST,9668780,1329386,2019,0.9310850738073311
696,55,ST GERMAIN ST,9668779,1329386,2019,0.9310850738073311
697,57,ST GERMAIN ST,9668778,1329386,2019,0.9310850738073311
698,59,ST GERMAIN ST,9668777,1329386,2019,0.9310850738073311
699,61,ST GERMAIN ST,9668776,1329386,2019,0.9310850738073311
700,63,ST GERMAIN ST,9668775,1329386,2019,0.9310850738073311
701,65,ST GERMAIN ST,9668774,1329386,2019,0.9310850738073311
702,67,ST GERMAIN ST,9668773,4316937,2019,0.931089473328702
703,8,ST GERMAIN ST,9668772,1386564,2019,0.9310857730184131
704,10,ST GERMAIN ST,9668771,1450889,2019,0.9310864822921394
705,12,ST GERMAIN ST,9668770,1450889,2019,0.9310864822921394
706,14,ST GERMAIN ST,9668769,1450889,2019,0.9310864822921394
707,16,ST GERMAIN ST,9668768,1450889,2019,0.9310864822921394
708,18,ST GERMAIN ST,9668767,1450889,2019,0.9310864822921394
709,20,ST GERMAIN ST,9668766,1450889,2019,0.9310864822921394
710,22,ST GERMAIN ST,9668765,1450889,2019,0.9310864822921394
711,24,ST GERMAIN ST,9668764,1450889,2019,0.9310864822921394
712,26,ST GERMAIN ST,9668763,1450889,2019,0.9310864822921394
713,28,ST GERMAIN ST,9668762,1450889,2019,0.9310864822921394
714,30,ST GERMAIN ST,9668761,1450889,2019,0.9310864822921394
715,32,ST GERMAIN ST,9668760,1450889,2019,0.9310864822921394
716,34,ST GERMAIN ST,9668759,1450889,2019,0.9310864822921394
717,36,ST GERMAIN ST,9668758,1450889,2019,0.9310864822921394
718,38,ST GERMAIN ST,9668757,1450889,2019,0.9310864822921394
719,40,ST GERMAIN ST,9668756,1450889,2019,0.9310864822921394
720,42,ST GERMAIN ST,9668755,1450889,2019,0.9310864822921394
721,44,ST GERMAIN ST,9668754,1450889,2019,0.9310864822921394
722,46,ST GERMAIN ST,9668753,1352700,2019,0.8764044943820225
723,48,ST GERMAIN ST,9668752,1450889,2019,0.9310864822921394
724,50,ST GERMAIN ST,9668751,1226500,2019,0.8825786646201075
725,52,ST GERMAIN ST,9668750,1243500,2019,0.5514660012476607
726,54,ST GERMAIN ST,9668749,1450889,2019,0.9310864822921394
727,56,ST GERMAIN ST,9668748,1443743,2019,0.9310851714678191
728,58,ST GERMAIN ST,15666798,1779663,2019,0.931085182408172
729,60,ST GERMAIN ST,15666797,1786811,2019,0.931086321231876
730,203,ST BOTOLPH ST,405404594,1291400,2020,0.9089430894308943
731,201,ST BOTOLPH ST,405404621,1027600,2020,0.7893087236635905
732,199,ST BOTOLPH ST,405404698,4147000,2020,0.8432053193829907
733,197,ST BOTOLPH ST,405404570,1084800,2020,0.5674035543996532
734,195,ST BOTOLPH ST,405404611,956400,2020,0.6245965687107186
735,193,ST BOTOLPH ST,405404635,1254000,2020,0.8027602070155262
736,191,ST BOTOLPH ST,405404564,999000,2020,0.6611240438975723
737,189,ST BOTOLPH ST,405404609,2841900,2020,0.6281294757949012
738,187,ST BOTOLPH ST,405404633,2563600,2020,1.078313741386299
739,185,ST BOTOLPH ST,405404607,2894400,2020,1.1103900838497995
740,183,ST BOTOLPH ST,405404568,2095200,2020,0.8395083406496927
741,181,ST BOTOLPH ST,405404658,758000,2020,0.541276941846279
742,179,ST BOTOLPH ST,405404614,2283300,2020,1.1379213483146067
743,177,ST BOTOLPH ST,405404590,2749000,2020,1.186953062848051
744,175,ST BOTOLPH ST,405404663,944600,2020,0.32204338698390483
745,173,ST BOTOLPH ST,405404639,2113300,2020,1.2280442804428044
746,171,ST BOTOLPH ST,405404643,1836400,2020,1.1887961859356377
747,169,ST BOTOLPH ST,405404619,2660600,2020,1.1166268894192521
748,161,ST BOTOLPH ST,405404575,2993400,2020,0.9863304578633045
749,15,ST GERMAIN ST,9668799,1504100,2020,0.9012767033244848
750,17,ST GERMAIN ST,9668798,1377948,2020,1.0016269279822898
751,19,ST GERMAIN ST,9668797,1377948,2020,1.0016269279822898
752,21,ST GERMAIN ST,9668796,1377948,2020,1.0016269279822898
753,23,ST GERMAIN ST,9668795,1377948,2020,1.0016269279822898
754,25,ST GERMAIN ST,9668794,1377948,2020,1.0016269279822898
755,27,ST GERMAIN ST,9668793,1376600,2020,0.7820064724919094
756,29,ST GERMAIN ST,9668792,1549566,2020,1.0032137963130543
757,31,ST GERMAIN ST,9668791,1549566,2020,1.0032137963130543
758,33,ST GERMAIN ST,9668790,1549566,2020,1.0032137963130543
759,35,ST GERMAIN ST,9668789,1549566,2020,1.0032137963130543
760,37,ST GERMAIN ST,9668788,1550819,2020,1.00483362204928
761,39,ST GERMAIN ST,9668787,1549566,2020,1.0032137963130543
762,41,ST GERMAIN ST,9668786,1549566,2020,1.0032137963130543
763,43,ST GERMAIN ST,9668785,1377948,2020,1.0016269279822898
764,45,ST GERMAIN ST,9668784,1377948,2020,1.0016269279822898
765,47,ST GERMAIN ST,9668783,1377948,2020,1.0016269279822898
766,49,ST GERMAIN ST,9668782,1511300,2020,1.3878969821456786
767,51,ST GERMAIN ST,9668781,1377948,2020,1.0016269279822898
768,53,ST GERMAIN ST,9668780,1377948,2020,1.0016269279822898
769,55,ST GERMAIN ST,9668779,1377948,2020,1.0016269279822898
770,57,ST GERMAIN ST,9668778,1377948,2020,1.0016269279822898
771,59,ST GERMAIN ST,9668777,1377948,2020,1.0016269279822898
772,61,ST GERMAIN ST,9668776,1377948,2020,1.0016269279822898
773,63,ST GERMAIN ST,9668775,1377948,2020,1.0016269279822898
774,65,ST GERMAIN ST,9668774,1377948,2020,1.0016269279822898
775,67,ST GERMAIN ST,9668773,4474578,2020,1.0016068044051134
776,8,ST GERMAIN ST,9668772,1440583,2020,1.006318739093316
777,10,ST GERMAIN ST,9668771,1503217,2020,1.0007333632357422
778,12,ST GERMAIN ST,9668770,1503217,2020,1.0007333632357422
779,14,ST GERMAIN ST,9668769,1503217,2020,1.0007333632357422
780,16,ST GERMAIN ST,9668768,1503217,2020,1.0007333632357422
781,18,ST GERMAIN ST,9668767,1503217,2020,1.0007333632357422
782,20,ST GERMAIN ST,9668766,1503217,2020,1.0007333632357422
783,22,ST GERMAIN ST,9668765,1503217,2020,1.0007333632357422
784,24,ST GERMAIN ST,9668764,1503217,2020,1.0007333632357422
785,26,ST GERMAIN ST,9668763,1503217,2020,1.0007333632357422
786,28,ST GERMAIN ST,9668762,1503217,2020,1.0007333632357422
787,30,ST GERMAIN ST,9668761,1503217,2020,1.0007333632357422
788,32,ST GERMAIN ST,9668760,1503217,2020,1.0007333632357422
789,34,ST GERMAIN ST,9668759,1503217,2020,1.0007333632357422
790,36,ST GERMAIN ST,9668758,1503217,2020,1.0007333632357422
791,38,ST GERMAIN ST,9668757,1503217,2020,1.0007333632357422
792,40,ST GERMAIN ST,9668756,1503217,2020,1.0007333632357422
793,42,ST GERMAIN ST,9668755,1503217,2020,1.0007333632357422
794,44,ST GERMAIN ST,9668754,1503217,2020,1.0007333632357422
795,46,ST GERMAIN ST,9668753,1447200,2020,1.0074906367041199
796,48,ST GERMAIN ST,9668752,1503217,2020,1.0007333632357422
797,50,ST GERMAIN ST,9668751,1312200,2020,1.0141212586339217
798,52,ST GERMAIN ST,9668750,1276100,2020,0.5921397379912664
799,54,ST GERMAIN ST,9668749,1506975,2020,1.005735140077702
800,56,ST GERMAIN ST,9668748,1493196,2020,0.9972312618624378
801,58,ST GERMAIN ST,15666798,1847705,2020,1.004916519004717
802,60,ST GERMAIN ST,15666797,1852716,2020,1.002312793422156
803,203,ST BOTOLPH ST,405404594,1322100,2021,0.9543237250554324
804,201,ST BOTOLPH ST,405404621,1037700,2021,0.8068953508619189
805,199,ST BOTOLPH ST,405404698,4275900,2021,0.900497136520311
806,197,ST BOTOLPH ST,405404570,1123500,2021,0.623320329432163
807,195,ST BOTOLPH ST,405404611,1008000,2021,0.7122473246135553
808,193,ST BOTOLPH ST,405404635,1317900,2021,0.8946233467510063
809,191,ST BOTOLPH ST,405404564,1056000,2021,0.7559028932490854
810,189,ST BOTOLPH ST,405404609,2878300,2021,0.6489830993984531
811,187,ST BOTOLPH ST,405404633,2600800,2021,1.1084718281313337
812,185,ST BOTOLPH ST,405404607,2936300,2021,1.140940576011666
813,183,ST BOTOLPH ST,405404568,2130700,2021,0.8706760316066725
814,181,ST BOTOLPH ST,405404658,804900,2021,0.6366409109394062
815,179,ST BOTOLPH ST,405404614,2350300,2021,1.2006554307116104
816,177,ST BOTOLPH ST,405404590,2788900,2021,1.2186953062848052
817,175,ST BOTOLPH ST,405404663,957200,2021,0.3396780965710287
818,173,ST BOTOLPH ST,405404639,2144000,2021,1.260411175540327
819,171,ST BOTOLPH ST,405404643,1856600,2021,1.2128724672228843
820,169,ST BOTOLPH ST,405404619,2699100,2021,1.147255369928401
821,161,ST BOTOLPH ST,405404575,3076500,2021,1.0414731254147314
822,15,ST GERMAIN ST,9668799,1566300,2021,0.9799014031095943
823,17,ST GERMAIN ST,9668798,1253846,2021,0.8213545918589686
824,19,ST GERMAIN ST,9668797,1253846,2021,0.8213545918589686
825,21,ST GERMAIN ST,9668796,1253846,2021,0.8213545918589686
826,23,ST GERMAIN ST,9668795,1253846,2021,0.8213545918589686
827,25,ST GERMAIN ST,9668794,1253846,2021,0.8213545918589686
828,27,ST GERMAIN ST,9668793,1450300,2021,0.877411003236246
829,29,ST GERMAIN ST,9668792,1410007,2021,0.8227977867983556
830,31,ST GERMAIN ST,9668791,1410007,2021,0.8227977867983556
831,33,ST GERMAIN ST,9668790,1410007,2021,0.8227977867983556
832,35,ST GERMAIN ST,9668789,1410007,2021,0.8227977867983556
833,37,ST GERMAIN ST,9668788,1411148,2021,0.8242728236419578
834,39,ST GERMAIN ST,9668787,1410007,2021,0.8227977867983556
835,41,ST GERMAIN ST,9668786,1410007,2021,0.8227977867983556
836,43,ST GERMAIN ST,9668785,1253846,2021,0.8213545918589686
837,45,ST GERMAIN ST,9668784,1253846,2021,0.8213545918589686
838,47,ST GERMAIN ST,9668783,1253846,2021,0.8213545918589686
839,49,ST GERMAIN ST,9668782,1603300,2021,1.5332595986727762
840,51,ST GERMAIN ST,9668781,1253846,2021,0.8213545918589686
841,53,ST GERMAIN ST,9668780,1253846,2021,0.8213545918589686
842,55,ST GERMAIN ST,9668779,1253846,2021,0.8213545918589686
843,57,ST GERMAIN ST,9668778,1253846,2021,0.8213545918589686
844,59,ST GERMAIN ST,9668777,1253846,2021,0.8213545918589686
845,61,ST GERMAIN ST,9668776,1253846,2021,0.8213545918589686
846,63,ST GERMAIN ST,9668775,1253846,2021,0.8213545918589686
847,65,ST GERMAIN ST,9668774,1253846,2021,0.8213545918589686
848,67,ST GERMAIN ST,9668773,4071582,2021,0.8213351596269816
849,8,ST GERMAIN ST,9668772,1310839,2021,0.8256225775497442
850,10,ST GERMAIN ST,9668771,1367832,2021,0.8205402930524814
851,12,ST GERMAIN ST,9668770,1367832,2021,0.8205402930524814
852,14,ST GERMAIN ST,9668769,1367832,2021,0.8205402930524814
853,16,ST GERMAIN ST,9668768,1367832,2021,0.8205402930524814
854,18,ST GERMAIN ST,9668767,1367832,2021,0.8205402930524814
855,20,ST GERMAIN ST,9668766,1367832,2021,0.8205402930524814
856,22,ST GERMAIN ST,9668765,1367832,2021,0.8205402930524814
857,24,ST GERMAIN ST,9668764,1367832,2021,0.8205402930524814
858,26,ST GERMAIN ST,9668763,1367832,2021,0.8205402930524814
859,28,ST GERMAIN ST,9668762,1367832,2021,0.8205402930524814
860,30,ST GERMAIN ST,9668761,1367832,2021,0.8205402930524814
861,32,ST GERMAIN ST,9668760,1367832,2021,0.8205402930524814
862,34,ST GERMAIN ST,9668759,1367832,2021,0.8205402930524814
863,36,ST GERMAIN ST,9668758,1367832,2021,0.8205402930524814
864,38,ST GERMAIN ST,9668757,1367832,2021,0.8205402930524814
865,40,ST GERMAIN ST,9668756,1367832,2021,0.8205402930524814
866,42,ST GERMAIN ST,9668755,1367832,2021,0.8205402930524814
867,44,ST GERMAIN ST,9668754,1367832,2021,0.8205402930524814
868,46,ST GERMAIN ST,9668753,1551800,2021,1.1525870439728119
869,48,ST GERMAIN ST,9668752,1367832,2021,0.8205402930524814
870,50,ST GERMAIN ST,9668751,1416800,2021,1.1746738296239447
871,52,ST GERMAIN ST,9668750,1344500,2021,0.67747972551466
872,54,ST GERMAIN ST,9668749,1371252,2021,0.8250922027915718
873,56,ST GERMAIN ST,9668748,1358714,2021,0.8173542366374946
874,58,ST GERMAIN ST,15666798,1681294,2021,0.8243464805818659
875,60,ST GERMAIN ST,15666797,1685854,2021,0.8219775896801861
876,203,ST BOTOLPH ST,405404594,1322100,2022,0.9543237250554324
877,201,ST BOTOLPH ST,405404621,1037700,2022,0.8068953508619189
878,199,ST BOTOLPH ST,405404698,4532500,2022,1.0145474102009657
879,197,ST BOTOLPH ST,405404570,1123500,2022,0.623320329432163
880,195,ST BOTOLPH ST,405404611,1073100,2022,0.8228299643281808
881,193,ST BOTOLPH ST,405404635,1317900,2022,0.8946233467510063
882,191,ST BOTOLPH ST,405404564,1056000,2022,0.7559028932490854
883,189,ST BOTOLPH ST,405404609,2838400,2022,0.626124319679175
884,187,ST BOTOLPH ST,405404633,2561500,2022,1.0766112687474665
885,185,ST BOTOLPH ST,405404607,2890400,2022,1.1074735690849435
886,183,ST BOTOLPH ST,405404568,2101100,2022,0.8446883230904302
887,181,ST BOTOLPH ST,405404658,804900,2022,0.6366409109394062
888,179,ST BOTOLPH ST,405404614,2316100,2022,1.168632958801498
889,177,ST BOTOLPH ST,405404590,2746800,2022,1.1852028639618137
890,175,ST BOTOLPH ST,405404663,1014900,2022,0.4204338698390483
891,173,ST BOTOLPH ST,405404639,2112300,2022,1.226989984185556
892,171,ST BOTOLPH ST,405404643,1856600,2022,1.2128724672228843
893,169,ST BOTOLPH ST,405404619,2657000,2022,1.1137629276054097
894,161,ST BOTOLPH ST,405404575,3261100,2022,1.1639681486396816
895,15,ST GERMAIN ST,9668799,1644600,2022,1.0788775123246113
896,17,ST GERMAIN ST,9668798,1237999,2022,0.7983350135238388
897,19,ST GERMAIN ST,9668797,1237999,2022,0.7983350135238388
898,21,ST GERMAIN ST,9668796,1237999,2022,0.7983350135238388
899,23,ST GERMAIN ST,9668795,1237999,2022,0.7983350135238388
900,25,ST GERMAIN ST,9668794,1237999,2022,0.7983350135238388
901,27,ST GERMAIN ST,9668793,1451100,2022,0.8784466019417476
902,29,ST GERMAIN ST,9668792,1392185,2022,0.7997582542596375
903,31,ST GERMAIN ST,9668791,1392185,2022,0.7997582542596375
904,33,ST GERMAIN ST,9668790,1392185,2022,0.7997582542596375
905,35,ST GERMAIN ST,9668789,1392185,2022,0.7997582542596375
906,37,ST GERMAIN ST,9668788,1393312,2022,0.8012151924916617
907,39,ST GERMAIN ST,9668787,1392185,2022,0.7997582542596375
908,41,ST GERMAIN ST,9668786,1392185,2022,0.7997582542596375
909,43,ST GERMAIN ST,9668785,1237999,2022,0.7983350135238388
910,45,ST GERMAIN ST,9668784,1237999,2022,0.7983350135238388
911,47,ST GERMAIN ST,9668783,1237999,2022,0.7983350135238388
912,49,ST GERMAIN ST,9668782,1683500,2022,1.6599778796018327
913,51,ST GERMAIN ST,9668781,1237999,2022,0.7983350135238388
914,53,ST GERMAIN ST,9668780,1237999,2022,0.7983350135238388
915,55,ST GERMAIN ST,9668779,1237999,2022,0.7983350135238388
916,57,ST GERMAIN ST,9668778,1237999,2022,0.7983350135238388
917,59,ST GERMAIN ST,9668777,1237999,2022,0.7983350135238388
918,61,ST GERMAIN ST,9668776,1237999,2022,0.7983350135238388
919,63,ST GERMAIN ST,9668775,1237999,2022,0.7983350135238388
920,65,ST GERMAIN ST,9668774,1237999,2022,0.7983350135238388
921,67,ST GERMAIN ST,9668773,4020121,2022,0.798315181483458
922,8,ST GERMAIN ST,9668772,1294271,2022,0.802548107790419
923,10,ST GERMAIN ST,9668771,1350544,2022,0.7975305224181555
924,12,ST GERMAIN ST,9668770,1350544,2022,0.7975305224181555
925,14,ST GERMAIN ST,9668769,1350544,2022,0.7975305224181555
926,16,ST GERMAIN ST,9668768,1350544,2022,0.7975305224181555
927,18,ST GERMAIN ST,9668767,1350544,2022,0.7975305224181555
928,20,ST GERMAIN ST,9668766,1350544,2022,0.7975305224181555
929,22,ST GERMAIN ST,9668765,1350544,2022,0.7975305224181555
930,24,ST GERMAIN ST,9668764,1350544,2022,0.7975305224181555
931,26,ST GERMAIN ST,9668763,1350544,2022,0.7975305224181555
932,28,ST GERMAIN ST,9668762,1350544,2022,0.7975305224181555
933,30,ST GERMAIN ST,9668761,1350544,2022,0.7975305224181555
934,32,ST GERMAIN ST,9668760,1350544,2022,0.7975305224181555
935,34,ST GERMAIN ST,9668759,1350544,2022,0.7975305224181555
936,36,ST GERMAIN ST,9668758,1350544,2022,0.7975305224181555
937,38,ST GERMAIN ST,9668757,1350544,2022,0.7975305224181555
938,40,ST GERMAIN ST,9668756,1350544,2022,0.7975305224181555
939,42,ST GERMAIN ST,9668755,1350544,2022,0.7975305224181555
940,44,ST GERMAIN ST,9668754,1350544,2022,0.7975305224181555
941,46,ST GERMAIN ST,9668753,1629400,2022,1.2602302677209045
942,48,ST GERMAIN ST,9668752,1350544,2022,0.7975305224181555
943,50,ST GERMAIN ST,9668751,1487700,2022,1.2834996162701457
944,52,ST GERMAIN ST,9668750,1351400,2022,0.6860885839051778
945,54,ST GERMAIN ST,9668749,1353920,2022,0.8020238695758073
946,56,ST GERMAIN ST,9668748,1341541,2022,0.7943844105329754
947,58,ST GERMAIN ST,15666798,1660044,2022,0.8012884296327965
948,60,ST GERMAIN ST,15666797,1664546,2022,0.7989490839608857
949,203,ST BOTOLPH ST,405404594,1388200,2023,1.0520325203252032
950,201,ST BOTOLPH ST,405404621,1089600,2023,0.8972662371582797
951,199,ST BOTOLPH ST,405404698,4798600,2023,1.1328201219173424
952,197,ST BOTOLPH ST,405404570,1179700,2023,0.7045224678514665
953,195,ST BOTOLPH ST,405404611,1126800,2023,0.9140479021572957
954,193,ST BOTOLPH ST,405404635,1383800,2023,0.9893617021276596
955,191,ST BOTOLPH ST,405404564,1108800,2023,0.8436980379115397
956,189,ST BOTOLPH ST,405404609,2923200,2023,0.674706387854483
957,187,ST BOTOLPH ST,405404633,2711300,2023,1.1980543169841913
958,185,ST BOTOLPH ST,405404607,2979500,2023,1.1724389354721108
959,183,ST BOTOLPH ST,405404568,2176300,2023,0.9107111501316945
960,181,ST BOTOLPH ST,405404658,845100,2023,0.7183814558763725
961,179,ST BOTOLPH ST,405404614,2458000,2023,1.301498127340824
962,177,ST BOTOLPH ST,405404590,2829900,2023,1.2513126491646778
963,175,ST BOTOLPH ST,405404663,1065600,2023,0.4913925822253324
964,173,ST BOTOLPH ST,405404639,2193600,2023,1.312704269899842
965,171,ST BOTOLPH ST,405404643,1856600,2023,1.2128724672228843
966,169,ST BOTOLPH ST,405404619,2738800,2023,1.1788385043754972
967,161,ST BOTOLPH ST,405404575,3496200,2023,1.3199734571997346
968,15,ST GERMAIN ST,9668799,1694800,2023,1.142333459739603
969,17,ST GERMAIN ST,9668798,1276157,2023,0.8537638688347419
970,19,ST GERMAIN ST,9668797,1276157,2023,0.8537638688347419
971,21,ST GERMAIN ST,9668796,1276157,2023,0.8537638688347419
972,23,ST GERMAIN ST,9668795,1276157,2023,0.8537638688347419
973,25,ST GERMAIN ST,9668794,1276157,2023,0.8537638688347419
974,27,ST GERMAIN ST,9668793,1548100,2023,1.0040129449838189
975,29,ST GERMAIN ST,9668792,1435096,2023,0.8552317915039946
976,31,ST GERMAIN ST,9668791,1435096,2023,0.8552317915039946
977,33,ST GERMAIN ST,9668790,1435096,2023,0.8552317915039946
978,35,ST GERMAIN ST,9668789,1435096,2023,0.8552317915039946
979,37,ST GERMAIN ST,9668788,1436257,2023,0.8567326835069938
980,39,ST GERMAIN ST,9668787,1435096,2023,0.8552317915039946
981,41,ST GERMAIN ST,9668786,1435096,2023,0.8552317915039946
982,43,ST GERMAIN ST,9668785,1276157,2023,0.8537638688347419
983,45,ST GERMAIN ST,9668784,1276157,2023,0.8537638688347419
984,47,ST GERMAIN ST,9668783,1276157,2023,0.8537638688347419
985,49,ST GERMAIN ST,9668782,1734800,2023,1.741033338600095
986,51,ST GERMAIN ST,9668781,1276157,2023,0.8537638688347419
987,53,ST GERMAIN ST,9668780,1276157,2023,0.8537638688347419
988,55,ST GERMAIN ST,9668779,1276157,2023,0.8537638688347419
989,57,ST GERMAIN ST,9668778,1276157,2023,0.8537638688347419
990,59,ST GERMAIN ST,9668777,1276157,2023,0.8537638688347419
991,61,ST GERMAIN ST,9668776,1276157,2023,0.8537638688347419
992,63,ST GERMAIN ST,9668775,1276157,2023,0.8537638688347419
993,65,ST GERMAIN ST,9668774,1276157,2023,0.8537638688347419
994,67,ST GERMAIN ST,9668773,4144030,2023,0.853743223530559
995,8,ST GERMAIN ST,9668772,1334164,2023,0.8581076093662737
996,10,ST GERMAIN ST,9668771,1392171,2023,0.8529347173623413
997,12,ST GERMAIN ST,9668770,1392171,2023,0.8529347173623413
998,14,ST GERMAIN ST,9668769,1392171,2023,0.8529347173623413
999,16,ST GERMAIN ST,9668768,1392171,2023,0.8529347173623413
1000,18,ST GERMAIN ST,9668767,1392171,2023,0.8529347173623413
1001,20,ST GERMAIN ST,9668766,1392171,2023,0.8529347173623413
1002,22,ST GERMAIN ST,9668765,1392171,2023,0.8529347173623413
1003,24,ST GERMAIN ST,9668764,1392171,2023,0.8529347173623413
1004,26,ST GERMAIN ST,9668763,1392171,2023,0.8529347173623413
1005,28,ST GERMAIN ST,9668762,1392171,2023,0.8529347173623413
1006,30,ST GERMAIN ST,9668761,1392171,2023,0.8529347173623413
1007,32,ST GERMAIN ST,9668760,1392171,2023,0.8529347173623413
1008,34,ST GERMAIN ST,9668759,1392171,2023,0.8529347173623413
1009,36,ST GERMAIN ST,9668758,1392171,2023,0.8529347173623413
1010,38,ST GERMAIN ST,9668757,1392171,2023,0.8529347173623413
1011,40,ST GERMAIN ST,9668756,1392171,2023,0.8529347173623413
1012,42,ST GERMAIN ST,9668755,1392171,2023,0.8529347173623413
1013,44,ST GERMAIN ST,9668754,1392171,2023,0.8529347173623413
1014,46,ST GERMAIN ST,9668753,1679000,2023,1.3290331530031905
1015,48,ST GERMAIN ST,9668752,1392171,2023,0.8529347173623413
1016,50,ST GERMAIN ST,9668751,1533000,2023,1.353031465848043
1017,52,ST GERMAIN ST,9668750,1434500,2023,0.7897691827822833
1018,54,ST GERMAIN ST,9668749,1395651,2023,0.8575664851670298
1019,56,ST GERMAIN ST,9668748,1382890,2023,0.8496909579967712
1020,58,ST GERMAIN ST,15666798,1711210,2023,0.8568078759791533
1021,60,ST GERMAIN ST,15666797,1715852,2023,0.854397765884784
1022,203,ST BOTOLPH ST,405404594,1430500,2024,1.114560236511456
1023,201,ST BOTOLPH ST,405404621,1122800,2024,0.9550757443844681
1024,199,ST BOTOLPH ST,405404698,4990200,2024,1.2179800300904269
1025,197,ST BOTOLPH ST,405404570,1215600,2024,0.7563935847420893
1026,195,ST BOTOLPH ST,405404611,1161100,2024,0.9723118736198403
1027,193,ST BOTOLPH ST,405404635,1426000,2024,1.0500287521564118
1028,191,ST BOTOLPH ST,405404564,1142600,2024,0.8999002327901563
1029,189,ST BOTOLPH ST,405404609,2883300,2024,0.6518476081352048
1030,187,ST BOTOLPH ST,405404633,2672000,2024,1.1661937576003243
1031,185,ST BOTOLPH ST,405404607,2936300,2024,1.140940576011666
1032,183,ST BOTOLPH ST,405404568,2139400,2024,0.8783143107989464
1033,181,ST BOTOLPH ST,405404658,870900,2024,0.7708418056120374
1034,179,ST BOTOLPH ST,405404614,2402500,2024,1.2495318352059925
1035,177,ST BOTOLPH ST,405404590,2788900,2024,1.2186953062848052
1036,175,ST BOTOLPH ST,405404663,1098100,2024,0.5368789363191042
1037,173,ST BOTOLPH ST,405404639,2161800,2024,1.2791776489193463
1038,171,ST BOTOLPH ST,405404643,1856600,2024,1.2128724672228843
1039,169,ST BOTOLPH ST,405404619,2699100,2024,1.147255369928401
1040,161,ST BOTOLPH ST,405404575,3635800,2024,1.4126078301260783
1041,15,ST GERMAIN ST,9668799,1694800,2024,1.142333459739603
1042,17,ST GERMAIN ST,9668798,1257214,2024,0.826246996719997
1043,19,ST GERMAIN ST,9668797,1257214,2024,0.826246996719997
1044,21,ST GERMAIN ST,9668796,1257214,2024,0.826246996719997
1045,23,ST GERMAIN ST,9668795,1257214,2024,0.826246996719997
1046,25,ST GERMAIN ST,9668794,1257214,2024,0.826246996719997
1047,27,ST GERMAIN ST,9668793,1512200,2024,0.9575404530744337
1048,29,ST GERMAIN ST,9668792,1413794,2024,0.8276934612301885
1049,31,ST GERMAIN ST,9668791,1413794,2024,0.8276934612301885
1050,33,ST GERMAIN ST,9668790,1413794,2024,0.8276934612301885
1051,35,ST GERMAIN ST,9668789,1413794,2024,0.8276934612301885
1052,37,ST GERMAIN ST,9668788,1414938,2024,0.8291723763477001
1053,39,ST GERMAIN ST,9668787,1413794,2024,0.8276934612301885
1054,41,ST GERMAIN ST,9668786,1413794,2024,0.8276934612301885
1055,43,ST GERMAIN ST,9668785,1257214,2024,0.826246996719997
1056,45,ST GERMAIN ST,9668784,1257214,2024,0.826246996719997
1057,47,ST GERMAIN ST,9668783,1257214,2024,0.826246996719997
1058,49,ST GERMAIN ST,9668782,1734800,2024,1.741033338600095
1059,51,ST GERMAIN ST,9668781,1257214,2024,0.826246996719997
1060,53,ST GERMAIN ST,9668780,1257214,2024,0.826246996719997
1061,55,ST GERMAIN ST,9668779,1257214,2024,0.826246996719997
1062,57,ST GERMAIN ST,9668778,1257214,2024,0.826246996719997
1063,59,ST GERMAIN ST,9668777,1257214,2024,0.826246996719997
1064,61,ST GERMAIN ST,9668776,1257214,2024,0.826246996719997
1065,63,ST GERMAIN ST,9668775,1257214,2024,0.826246996719997
1066,65,ST GERMAIN ST,9668774,1257214,2024,0.826246996719997
1067,67,ST GERMAIN ST,9668773,4082517,2024,0.8262266980929933
1068,8,ST GERMAIN ST,9668772,1314360,2024,0.8305263201875149
1069,10,ST GERMAIN ST,9668771,1371506,2024,0.8254302686026036
1070,12,ST GERMAIN ST,9668770,1371506,2024,0.8254302686026036
1071,14,ST GERMAIN ST,9668769,1371506,2024,0.8254302686026036
1072,16,ST GERMAIN ST,9668768,1371506,2024,0.8254302686026036
1073,18,ST GERMAIN ST,9668767,1371506,2024,0.8254302686026036
1074,20,ST GERMAIN ST,9668766,1371506,2024,0.8254302686026036
1075,22,ST GERMAIN ST,9668765,1371506,2024,0.8254302686026036
1076,24,ST GERMAIN ST,9668764,1371506,2024,0.8254302686026036
1077,26,ST GERMAIN ST,9668763,1371506,2024,0.8254302686026036
1078,28,ST GERMAIN ST,9668762,1371506,2024,0.8254302686026036
1079,30,ST GERMAIN ST,9668761,1371506,2024,0.8254302686026036
1080,32,ST GERMAIN ST,9668760,1371506,2024,0.8254302686026036
1081,34,ST GERMAIN ST,9668759,1371506,2024,0.8254302686026036
1082,36,ST GERMAIN ST,9668758,1371506,2024,0.8254302686026036
1083,38,ST GERMAIN ST,9668757,1371506,2024,0.8254302686026036
1084,40,ST GERMAIN ST,9668756,1371506,2024,0.8254302686026036
1085,42,ST GERMAIN ST,9668755,1371506,2024,0.8254302686026036
1086,44,ST GERMAIN ST,9668754,1371506,2024,0.8254302686026036
1087,46,ST GERMAIN ST,9668753,1679000,2024,1.3290331530031905
1088,48,ST GERMAIN ST,9668752,1371506,2024,0.8254302686026036
1089,50,ST GERMAIN ST,9668751,1533000,2024,1.353031465848043
1090,52,ST GERMAIN ST,9668750,1401000,2024,0.7479725514660013
1091,54,ST GERMAIN ST,9668749,1374934,2024,0.8299928260837738
1092,56,ST GERMAIN ST,9668748,1362362,2024,0.822233636021952
1093,58,ST GERMAIN ST,15666798,1685808,2024,0.8292445531458235
1094,60,ST GERMAIN ST,15666797,1690381,2024,0.8268701204381771
